="FullName",="Distance",="Event",="SwimmerAge",="EventCompetitionCategoryKey",="SwimTime",="SwimTimeAdj",="Standard",="MeetName",="SwimDate",="ClubName",="LscCode",="IsForeign",="Rank",="PowerPoints",="Sanctioned"
"Liendo, Josh",="100",="100 FR SCY",="20",="2",="40.28",="40.28",="2023 Summer Nationals (LCM)",="2023 NCAA Division I Men's Championships",="3/25/2023",="University of Florida",="FL",="True",="1",="1103",="Yes"
"Alexy, Jack",="100",="100 FR SCY",="20",="2",="40.88",="40.88",="2023 Summer Nationals (LCM)",="2023 NCAA Division I Men's Championships",="3/25/2023",="California Aquatics",="PC",="False",="2",="1067",="Yes"
"Seeliger, Bjorn",="100",="100 FR SCY",="23",="2",="40.90",="40.90",="2023 Summer Nationals (LCM)",="2023 Men's Pac 12 Championships",="3/4/2023",="California Aquatics",="PC",="True",="3",="1066",="Yes"
"Crooks, Jordan",="100",="100 FR SCY",="20",="2",="40.92",="40.92",="2023 Summer Nationals (LCM)",="2023 NCAA Division I Men's Championships",="3/25/2023",="University Of Tennessee",="SE",="True",="4",="1065",="Yes"
"Gaziev, Ruslan",="100",="100 FR SCY",="23",="2",="40.98",="40.98",="2023 Summer Nationals (LCM)",="2023 NCAA Division I Men's Championships",="3/25/2023",="Ohio State University",="OH",="True",="5",="1061",="Yes"
"Curry, Brooks",="100",="100 FR SCY",="22",="2",="41.03",="41.03",="2023 Summer Nationals (LCM)",="2023 NCAA Division I Men's Championships",="3/25/2023",="Tiger Aquatics Swim Club",="LA",="False",="6",="1058",="Yes"
"Ramadan, Youssef",="100",="100 FR SCY",="20",="2",="41.15",="41.15",="2023 Summer Nationals (LCM)",="2023 NCAA Division I Men's Championships",="3/25/2023",="Virginia Tech",="VA",="True",="7",="1051",="Yes"
"Mathias, Van",="100",="100 FR SCY",="22",="2",="41.33",="41.33",="2023 Summer Nationals (LCM)",="2023 NCAA Division I Men's Championships",="3/25/2023",="Unattached",="US",="False",="8",="1041",="Yes"
"Santos, Guilherme",="100",="100 FR SCY",="19",="2",="41.43",="41.43",="2023 Summer Nationals (LCM)",="2023 SEC Championships",="2/18/2023",="University Of Tennessee",="SE",="True",="9",="1035",="Yes"
"Guiliano, Chris",="100",="100 FR SCY",="19",="2",="41.48",="41.48",="2023 Summer Nationals (LCM)",="2023 NCAA Division I Men's Championships",="3/25/2023",="University Of Notre Dame",="IN",="False",="10",="1032",="Yes"
"McDuff, Macguire",="100",="100 FR SCY",="19",="2",="41.59",="41.59",="2023 Summer Nationals (LCM)",="2023 SEC Championships",="2/18/2023",="University of Florida",="FL",="False",="11",="1026",="Yes"
"Marchand, Leon",="100",="100 FR SCY",="20",="2",="41.61",="41.61",="2023 Summer Nationals (LCM)",="2023 Men's Pac 12 Championships",="3/4/2023",="Unattached",="US",="True",="12",="1025",="Yes"
"Kulow, Jonny",="100",="100 FR SCY",="18",="2",="41.66",="41.66",="2023 Summer Nationals (LCM)",="2023 NCAA Division I Men's Championships",="3/25/2023",="Sun Devil Swimming",="AZ",="False",="13",="1022",="Yes"
"House, Grant",="100",="100 FR SCY",="24",="2",="41.69",="41.69",="2023 Summer Nationals (LCM)",="2023 Men's Pac 12 Championships",="3/4/2023",="Unattached",="US",="False",="14",="1020",="Yes"
"Brownstead, Matt",="100",="100 FR SCY",="20",="2",="41.72",="41.72",="2023 Summer Nationals (LCM)",="2023 ACC Championships",="2/18/2023",="Unattached",="US",="False",="15",="1018",="Yes"
"Chaney, Adam",="100",="100 FR SCY",="20",="2",="41.75",="41.75",="2023 Summer Nationals (LCM)",="2023 NCAA Division I Men's Championships",="3/25/2023",="University of Florida",="FL",="False",="16",="1017",="Yes"
"Dolan, Jack",="100",="100 FR SCY",="22",="2",="41.84",="41.84",="2023 Summer Nationals (LCM)",="2023 Men's Pac 12 Championships",="3/4/2023",="Unattached",="US",="False",="17",="1012",="Yes"
"Miller, Luke",="100",="100 FR SCY",="20",="2",="41.87",="41.87",="2023 Summer Nationals (LCM)",="2023 ACC Championships",="2/18/2023",="NC State University",="NC",="False",="18",="1010",="Yes"
"King, Matt",="100",="100 FR SCY",="20",="2",="41.93",="41.93",="2023 Summer Nationals (LCM)",="Tennessee Invitational",="11/19/2022",="University Of Virginia",="VA",="False",="19",="1006",="Yes"
"Krueger, Danny",="100",="100 FR SCY",="23",="2",="41.95",="41.95",="2023 Summer Nationals (LCM)",="2023 NCAA Division I Men's Championships",="3/25/2023",="Unattached",="US",="False",="20",="1005",="Yes"
"Winkler, Kaii",="100",="100 FR SCY",="16",="2",="41.96",="41.96",="2023 Summer Nationals (LCM)",="2023 FG SCY Senior Championships",="3/19/2023",="Eagle Aquatics",="FG",="False",="21",="1057",="Yes"
"Piszczorowicz, Bart",="100",="100 FR SCY",="23",="2",="41.98",="41.98",="2023 Summer Nationals (LCM)",="2023 ACC Championships",="2/18/2023",="Unattached",="US",="True",="22",="1004",="Yes"
"Smith, Julian",="100",="100 FR SCY",="20",="2",="41.98",="41.98",="2023 Summer Nationals (LCM)",="2023 SEC Championships",="2/18/2023",="Unattached",="US",="False",="22",="1004",="Yes"
"Sammon, Patrick",="100",="100 FR SCY",="19",="2",="41.98",="41.98",="2023 Summer Nationals (LCM)",="2023 Men's Pac 12 Championships",="3/4/2023",="Unattached",="US",="False",="22",="1004",="Yes"
"Samuels, Brady",="100",="100 FR SCY",="20",="2",="41.99",="41.99",="2023 Summer Nationals (LCM)",="2023 Boiler-Make-It Qualification Championship",="3/4/2023",="Unattached",="US",="False",="25",="1003",="Yes"
"Hobson, Luke",="100",="100 FR SCY",="19",="2",="41.99",="41.99",="2023 Summer Nationals (LCM)",="2023 NCAA Division I Men's Championships",="3/25/2023",="Unattached",="ST",="False",="25",="1003",="Yes"
"Minakov, Andrei",="100",="100 FR SCY",="20",="2",="42.01",="42.01",="2023 Summer Nationals (LCM)",="2023 Men's Pac 12 Championships",="3/4/2023",="Unattached",="US",="True",="27",="1002",="Yes"
"Jensen, Matthew",="100",="100 FR SCY",="21",="2",="42.01",="42.01",="2023 Summer Nationals (LCM)",="2023 Men's Pac 12 Championships",="3/4/2023",="California Aquatics",="PC",="False",="27",="1002",="Yes"
"McCusker, Max",="100",="100 FR SCY",="23",="2",="42.03",="42.03",="2023 Summer Nationals (LCM)",="NC State GAC Invitational",="11/19/2022",="Sun Devil Swimming",="AZ",="True",="29",="1001",="Yes"
"Dahlgren, Jack",="100",="100 FR SCY",="23",="2",="42.08",="42.08",="2023 Summer Nationals (LCM)",="Mizzou NCAA Qualifier",="2/25/2023",="U. of Missouri",="MV",="False",="30",="998",="Yes"
"Berg, Max",="100",="100 FR SCY",="20",="2",="42.11",="42.11",="2023 Summer Nationals (LCM)",="2023 SEC Championships",="2/18/2023",="Unattached",="US",="True",="31",="996",="Yes"
"Dupont Cabrera, Andres",="100",="100 FR SCY",="19",="2",="42.17",="42.17",="2023 Summer Nationals (LCM)",="Invitational 2023 Men's Pac 12",="3/5/2023",="Unattached",="US",="True",="32",="993",="Yes"
"Eastman, Michael",="100",="100 FR SCY",="22",="2",="42.17",="42.17",="2023 Summer Nationals (LCM)",="2023 ACC Championships",="2/18/2023",="Unattached",="US",="False",="32",="993",="Yes"
"Fabiani, Remi",="100",="100 FR SCY",="21",="2",="42.21",="42.21",="2023 Summer Nationals (LCM)",="2023 WAC Championships",="2/25/2023",="Unattached",="US",="False",="34",="990",="Yes"
"Korstanje, Nyls",="100",="100 FR SCY",="24",="2",="42.23",="42.23",="2023 Summer Nationals (LCM)",="2023 NCAA Division I Men's Championships",="3/25/2023",="Unattached",="US",="True",="35",="989",="Yes"
"Maurer, Luke",="100",="100 FR SCY",="21",="2",="42.27",="42.27",="2023 Summer Nationals (LCM)",="2023 Men's Pac 12 Championships",="3/4/2023",="Unattached",="US",="False",="36",="987",="Yes"
"Taylor, Lamar",="100",="100 FR SCY",="19",="2",="42.30",="42.30",="2023 Summer Nationals (LCM)",="2023 NCAA Division II Championships",="3/11/2023",="Unattached",="US",="True",="37",="985",="Yes"
"Henderson, Noah",="100",="100 FR SCY",="21",="2",="42.31",="42.31",="2023 Summer Nationals (LCM)",="2023 NCAA Division I Men's Championships",="3/25/2023",="Unattached",="US",="False",="38",="985",="Yes"
"Branzell, Reese",="100",="100 FR SCY",="20",="2",="42.32",="42.32",="2023 Summer Nationals (LCM)",="2023 NCAA Division I Men's Championships",="3/25/2023",="Unattached",="US",="False",="39",="984",="Yes"
"Varjasi, Peter",="100",="100 FR SCY",="23",="2",="42.32",="42.32",="2023 Summer Nationals (LCM)",="2023 ACC Championships",="2/18/2023",="Unattached",="US",="True",="39",="984",="Yes"
"Zhang, Wen",="100",="100 FR SCY",="22",="2",="42.32",="42.32",="2023 Summer Nationals (LCM)",="2023 WAC Championships",="2/25/2023",="Unattached",="US",="False",="39",="984",="Yes"
"Hawke, Charlie",="100",="100 FR SCY",="20",="2",="42.35",="42.35",="2023 Summer Nationals (LCM)",="2023 SEC Championships",="2/18/2023",="Unattached",="US",="True",="42",="983",="Yes"
"Lichinsky, Gregg",="100",="100 FR SCY",="22",="2",="42.37",="42.37",="2023 Summer Nationals (LCM)",="2023 NCAA Division II Championships",="3/11/2023",="Unattached",="US",="True",="43",="981",="Yes"
"Miroslaw, Rafael",="100",="100 FR SCY",="21",="2",="42.38",="42.38",="2023 Summer Nationals (LCM)",="2023 Men's Big Ten Championships",="2/25/2023",="Indiana University",="IN",="True",="44",="981",="Yes"
"Baganha, Victor",="100",="100 FR SCY",="20",="2",="42.39",="42.39",="2023 Summer Nationals (LCM)",="2023 NCAA Division I Men's Championships",="3/25/2023",="Unattached",="US",="True",="45",="980",="Yes"
"Smith, Kieran",="100",="100 FR SCY",="22",="2",="42.39",="42.39",="2023 Summer Nationals (LCM)",="2023 WI SSTY A+ MEET",="2/4/2023",="Ridgefield Aquatic Club",="CT",="False",="45",="980",="Yes"
"Tiffany, Jordan",="100",="100 FR SCY",="21",="2",="42.39",="42.39",="2023 Summer Nationals (LCM)",="2023 ST Spring Speedo Sectionals",="3/23/2023",="Unattached",="UT",="False",="45",="980",="Yes"
"Ward, James",="100",="100 FR SCY",="23",="2",="42.39",="42.39",="2023 Summer Nationals (LCM)",="2023 Men's Big Ten Championships",="2/25/2023",="Unattached",="US",="True",="45",="980",="Yes"
"Downing, Dillon",="100",="100 FR SCY",="22",="2",="42.39",="42.39",="2023 Summer Nationals (LCM)",="2023 SEC Championships",="2/18/2023",="Unattached",="US",="False",="45",="980",="Yes"
"Hawk, Dylan",="100",="100 FR SCY",="20",="2",="42.39",="42.39",="2023 Summer Nationals (LCM)",="2023 Men's Pac 12 Championships",="3/4/2023",="California Aquatics",="PC",="False",="45",="980",="Yes"
"Sameh, Abdelrahman",="100",="100 FR SCY",="23",="2",="42.41",="42.41",="2023 Summer Nationals (LCM)",="2023 NCAA Division I Men's Championships",="3/25/2023",="Unattached",="US",="True",="51",="979",="Yes"
"Fullum-Huot, Ed",="100",="100 FR SCY",="20",="2",="42.42",="42.42",="2023 Summer Nationals (LCM)",="Bulldog NCAA Qualifying Meet 2023",="2/26/2023",="University of Florida",="FL",="True",="52",="979",="Yes"
"Pinfold, Brett",="100",="100 FR SCY",="27",="2",="42.43",="42.43",="2023 Summer Nationals (LCM)",="2022 NT KMSC Pro-Am Classic",="12/18/2022",="Swim Houston Aquatics Center",="GU",="False",="53",="978",="Yes"
"Curtiss, David",="100",="100 FR SCY",="20",="2",="42.44",="42.44",="2023 Summer Nationals (LCM)",="2023 ACC Championships",="2/18/2023",="NC State University",="NC",="False",="54",="977",="Yes"
"Williamson, Maximus",="100",="100 FR SCY",="16",="2",="42.49",="42.49",="2023 Summer Nationals (LCM)",="2022 Speedo Winter Juniors West",="12/10/2022",="Lakeside Aquatic Club",="NT",="False",="55",="1027",="Yes"
"Connery, Tim",="100",="100 FR SCY",="20",="2",="42.50",="42.50",="2023 Summer Nationals (LCM)",="2023 ACC Championships",="2/18/2023",="Unattached",="US",="False",="56",="974",="Yes"
"Lasco, Destin",="100",="100 FR SCY",="21",="2",="42.52",="42.52",="2023 Summer Nationals (LCM)",="2023 Men's Pac 12 Championships",="3/4/2023",="California Aquatics",="PC",="False",="57",="973",="Yes"
"Larson, Peter",="100",="100 FR SCY",="21",="2",="42.54",="42.54",="2023 Summer Nationals (LCM)",="Minnesota Invite",="12/3/2022",="University of Texas",="ST",="False",="58",="972",="Yes"
"Salls, Drew",="100",="100 FR SCY",="19",="2",="42.54",="42.54",="2023 Summer Nationals (LCM)",="Bulldog NCAA Qualifying Meet 2023",="2/26/2023",="Unattached",="US",="False",="58",="972",="Yes"
"Izzo, Giovanni",="100",="100 FR SCY",="25",="2",="42.54",="42.54",="2023 Summer Nationals (LCM)",="2023 ACC Championships",="2/18/2023",="NC State University",="NC",="True",="58",="972",="Yes"
"Williams, Hudson",="100",="100 FR SCY",="17",="2",="42.54",="42.54",="2023 Summer Nationals (LCM)",="2023 FL NCSA Swimming Championships",="3/14/2023",="New Albany Aquatic Club",="OH",="False",="58",="994",="Yes"
"Armstrong, Jack",="100",="100 FR SCY",="21",="2",="42.55",="42.55",="2023 Summer Nationals (LCM)",="2023 New South Championships",="2/18/2023",="Unattached",="US",="False",="62",="971",="Yes"
"Dusa, Matej",="100",="100 FR SCY",="22",="2",="42.56",="42.56",="2023 Summer Nationals (LCM)",="2023 CSCAA National Invitational Championship",="3/11/2023",="Queens University",="NC",="True",="63",="971",="Yes"
"Unlu, Baturalp",="100",="100 FR SCY",="20",="2",="42.57",="42.57",="2023 Summer Nationals (LCM)",="Georgia Fall Invitational",="11/19/2022",="Unattached",="US",="True",="64",="970",="Yes"
"Tirheimer, Logan",="100",="100 FR SCY",="21",="2",="42.59",="42.59",="2023 Summer Nationals (LCM)",="2023 SEC Championships",="2/18/2023",="Auburn Aquatics",="SE",="False",="65",="969",="Yes"
"Szabados, Bence",="100",="100 FR SCY",="21",="2",="42.60",="42.60",="2023 Summer Nationals (LCM)",="2023 NCAA Division I Men's Championships",="3/25/2023",="Unattached",="US",="True",="66",="968",="Yes"
"Ingram, Hunter",="100",="100 FR SCY",="21",="2",="42.61",="42.61",="2023 Summer Nationals (LCM)",="Minnesota Invite",="12/3/2022",="Arizona Elite",="AZ",="True",="67",="968",="Yes"
"Hussey, Patrick",="100",="100 FR SCY",="22",="2",="42.61",="42.61",="2023 Summer Nationals (LCM)",="2023 NCAA Division I Men's Championships",="3/25/2023",="Unattached",="US",="True",="67",="968",="Yes"
"Heilman, Thomas",="100",="100 FR SCY",="16",="2",="42.61",="42.61",="2023 Summer Nationals (LCM)",="2023 VA SC Senior Champs",="3/5/2023",="Cavalier Aquatics/Piedmont Family YMCA",="VA",="False",="67",="1020",="Yes"
"Perham, Ryan",="100",="100 FR SCY",="21",="2",="42.61",="42.61",="2023 Summer Nationals (LCM)",="2023 Men's Pac 12 Championships",="3/4/2023",="Unattached",="US",="False",="67",="968",="Yes"
"Makinen, Kalle",="100",="100 FR SCY",="20",="2",="42.62",="42.62",="2023 Summer Nationals (LCM)",="2023 SEC Championships",="2/18/2023",="Auburn University",="SE",="True",="71",="967",="Yes"
"Hanson, Robin",="100",="100 FR SCY",="21",="2",="42.62",="42.62",="2023 Summer Nationals (LCM)",="2023 Men's Pac 12 Championships",="3/4/2023",="California Aquatics",="PC",="True",="71",="967",="Yes"
"Dominguez Calonge, Luis",="100",="100 FR SCY",="20",="2",="42.63",="42.63",="2023 Summer Nationals (LCM)",="2023 NCAA Division I Men's Championships",="3/25/2023",="Unattached",="US",="True",="73",="967",="Yes"
"Whitfield, Brendan",="100",="100 FR SCY",="18",="2",="42.67",="42.67",="2023 Summer Nationals (LCM)",="2023 NC YMCA National Short Course Championships",="4/7/2023",="Lynchburg YMCA Swim Team",="VA",="False",="74",="965",="Yes"
"Daleiden Ciuferri, Ralph",="100",="100 FR SCY",="19",="2",="42.69",="42.69",="2023 Summer Nationals (LCM)",="2023 NCAA Division I Men's Championships",="3/25/2023",="Unattached",="US",="True",="75",="963",="Yes"
"Alves, Kaique",="100",="100 FR SCY",="22",="2",="42.69",="42.69",="2023 Summer Nationals (LCM)",="2023 SEC Championships",="2/18/2023",="Unattached",="US",="False",="75",="963",="Yes"
"Hils, Zach",="100",="100 FR SCY",="22",="2",="42.70",="42.70",="2023 Summer Nationals (LCM)",="2023 SEC Championships",="2/18/2023",="Unattached",="US",="False",="77",="963",="Yes"
"Brooks, Guy",="100",="100 FR SCY",="20",="2",="42.71",="42.71",="2023 Summer Nationals (LCM)",="2023 NCAA Division I Men's Championships",="3/25/2023",="Unattached",="US",="True",="78",="962",="Yes"
"Peel, Cam",="100",="100 FR SCY",="22",="2",="42.73",="42.73",="2023 Summer Nationals (LCM)",="2023 Men's Big Ten Championships",="2/25/2023",="Unattached",="US",="False",="79",="961",="Yes"
"Page, Joe",="100",="100 FR SCY",="23",="2",="42.73",="42.73",="2023 Summer Nationals (LCM)",="2023 Men's Ivy League Championships",="2/25/2023",="Unattached",="US",="True",="79",="961",="Yes"
"Wight, Gavin",="100",="100 FR SCY",="21",="2",="42.75",="42.75",="2023 Summer Nationals (LCM)",="2023 Men's Big Ten Championships",="2/25/2023",="Indiana University",="IN",="False",="81",="960",="Yes"
"Molacek, Jacob",="100",="100 FR SCY",="27",="2",="42.75",="42.75",="2023 Summer Nationals (LCM)",="2022 NT KMSC Pro-Am Classic",="12/18/2022",="Texas Ford Aquatics",="NT",="False",="81",="960",="Yes"
"Jett, Gabriel",="100",="100 FR SCY",="20",="2",="42.76",="42.76",="2023 Summer Nationals (LCM)",="Cal v USC (Men)",="2/3/2023",="California Aquatics",="PC",="False",="83",="959",="Yes"
"Molla Yanes, Mario",="100",="100 FR SCY",="20",="2",="42.78",="42.78",="2023 Summer Nationals (LCM)",="2023 ACC Championships",="2/18/2023",="Unattached",="US",="True",="84",="958",="Yes"
"Irwin, Elliott",="100",="100 FR SCY",="22",="2",="42.81",="42.81",="2023 Summer Nationals (LCM)",="Summit League Championships",="2/25/2023",="Unattached",="US",="True",="85",="957",="Yes"
"Ercegovic, Marin",="100",="100 FR SCY",="23",="2",="42.82",="42.82",="2023 Summer Nationals (LCM)",="2023 Men's Pac 12 Championships",="3/4/2023",="Unattached",="US",="True",="86",="956",="Yes"
"Bratanov, Kaloyan",="100",="100 FR SCY",="22",="2",="42.84",="42.84",="2023 Summer Nationals (LCM)",="2023 SEC Championships",="2/18/2023",="Unattached",="US",="False",="87",="955",="Yes"
"Duncan, Cade",="100",="100 FR SCY",="19",="2",="42.85",="42.85",="2023 Summer Nationals (LCM)",="2023 GU Speedo Sectionals Championship Series - College Station",="3/2/2023",="Dads Club Swim Team",="GU",="False",="88",="954",="Yes"
"Foote, Connor",="100",="100 FR SCY",="18",="2",="42.86",="42.86",="2023 Summer Nationals (LCM)",="Art Adamson Invitational 2022",="11/18/2022",="Texas A & M University",="GU",="False",="89",="954",="Yes"
"Mestre, Alberto",="100",="100 FR SCY",="24",="2",="42.87",="42.87",="2023 Summer Nationals (LCM)",="2023 NCAA Division I Men's Championships",="3/25/2023",="Unattached",="FL",="True",="90",="953",="Yes"
"Kammann, Bjoern",="100",="100 FR SCY",="21",="2",="42.88",="42.88",="2023 Summer Nationals (LCM)",="2023 NCAA Division I Men's Championships",="3/25/2023",="University Of Tennessee",="SE",="True",="91",="953",="Yes"
"Tarasenko, Aleksey",="100",="100 FR SCY",="23",="2",="42.89",="42.89",="2023 Summer Nationals (LCM)",="Tennessee Invitational",="11/19/2022",="University Of Tennessee",="SE",="True",="92",="952",="Yes"
"Bochenski, Grant",="100",="100 FR SCY",="19",="2",="42.90",="42.90",="2023 Winter US Open (LCM)",="2023 SEC Championships",="2/18/2023",="U. of Missouri",="MV",="False",="93",="952",="Yes"
"Voss, Avery",="100",="100 FR SCY",="20",="2",="42.90",="42.90",="2023 Winter US Open (LCM)",="2023 Men's Pac 12 Championships",="3/4/2023",="Unattached",="US",="False",="93",="952",="Yes"
"Benson, Andrew",="100",="100 FR SCY",="20",="2",="42.91",="42.91",="2023 Winter US Open (LCM)",="Minnesota Invite",="12/3/2022",="Wisconsin Aquatics",="WI",="False",="95",="951",="Yes"
"Korstanje, Tim",="100",="100 FR SCY",="20",="2",="42.91",="42.91",="2023 Winter US Open (LCM)",="2023 SEC Championships",="2/18/2023",="Unattached",="US",="True",="95",="951",="Yes"
"Harrington, Ethan",="100",="100 FR SCY",="17",="2",="42.92",="42.92",="2023 Winter US Open (LCM)",="2022 Speedo Winter Juniors West",="12/10/2022",="Palo Alto Stanford Aquatics",="PC",="False",="97",="972",="Yes"
"Frankel, Tomer",="100",="100 FR SCY",="22",="2",="42.93",="42.93",="2023 Winter US Open (LCM)",="IU - Cincinnati",="12/2/2022",="Indiana University",="IN",="True",="98",="950",="Yes"
"Toledo Sanchez, Dominic",="100",="100 FR SCY",="21",="2",="42.93",="42.93",="2023 Winter US Open (LCM)",="2023 ACC Championships",="2/18/2023",="University of Pittsburgh",="AM",="False",="98",="950",="Yes"
"Sherman, Nick",="100",="100 FR SCY",="22",="2",="42.94",="42.94",="2023 Winter US Open (LCM)",="2023 NCAA Division I Men's Championships",="3/25/2023",="Unattached",="US",="False",="100",="949",="Yes"
"Buff, Scotty",="100",="100 FR SCY",="18",="2",="42.94",="42.94",="2023 Winter US Open (LCM)",="2023 FL NCSA Swimming Championships",="3/14/2023",="Greater Toledo Aquatic Club",="OH",="False",="100",="949",="Yes"
"Novak, Jesse",="100",="100 FR SCY",="27",="2",="42.95",="42.95",="2023 Winter US Open (LCM)",="2022 CA SCS/RMDA WZ Winter Sectionals",="12/19/2022",="Irvine Novaquatics",="CA",="False",="102",="949",="Yes"
"Holmquist, Marcus",="100",="100 FR SCY",="23",="2",="42.96",="42.96",="2023 Winter US Open (LCM)",="2023 Men's Ivy League Championships",="2/25/2023",="Unattached",="US",="True",="103",="949",="Yes"
"Shperkin, Mark",="100",="100 FR SCY",="24",="2",="42.96",="42.96",="2023 Winter US Open (LCM)",="2023 SEC Championships",="2/18/2023",="Unattached",="US",="True",="103",="948",="Yes"
"Acin, Nikola",="100",="100 FR SCY",="23",="2",="42.97",="42.97",="2023 Winter US Open (LCM)",="2023 Men's Big Ten Championships",="2/25/2023",="Unattached",="US",="True",="105",="948",="Yes"
"Quach, Alex",="100",="100 FR SCY",="21",="2",="42.97",="42.97",="2023 Winter US Open (LCM)",="Ohio State Fall Invitational 2022",="11/19/2022",="Ohio State University",="OH",="True",="105",="948",="Yes"
"Meszaros, Daniel",="100",="100 FR SCY",="20",="2",="42.97",="42.97",="2023 Winter US Open (LCM)",="2023 CSCAA National Invitational Championship",="3/11/2023",="Queens University",="NC",="True",="105",="948",="Yes"
"Newmark, Jake",="100",="100 FR SCY",="20",="2",="42.99",="42.99",="2023 Winter US Open (LCM)",="2023 Men's Big Ten Championships",="2/25/2023",="Unattached",="US",="False",="108",="946",="Yes"
"Schott, Mitchell",="100",="100 FR SCY",="18",="2",="43.00",="43.00",="2023 Winter US Open (LCM)",="2023 Men's Ivy League Championships",="2/25/2023",="Unattached",="US",="False",="109",="946",="Yes"
"Hill, Julian",="100",="100 FR SCY",="21",="2",="43.01",="43.01",="2023 Winter US Open (LCM)",="NC State GAC Invitational",="11/19/2022",="Sun Devil Swimming",="AZ",="False",="110",="945",="Yes"
"Sartori, Murilo",="100",="100 FR SCY",="20",="2",="43.02",="43.02",="2023 Winter US Open (LCM)",="2023 ACC Championships",="2/18/2023",="University of Louisville",="KY",="True",="111",="945",="Yes"
"Piotrowski, Kacper",="100",="100 FR SCY",="21",="2",="43.03",="43.03",="2023 Winter US Open (LCM)",="Art Adamson Invitational 2022",="11/18/2022",="University Of Alabama Swim Club",="SE",="True",="112",="944",="Yes"
"Bybee, Cody",="100",="100 FR SCY",="23",="2",="43.04",="43.04",="2023 Winter US Open (LCM)",="2023 Men's Pac 12 Championships",="3/4/2023",="Unattached",="US",="False",="113",="944",="Yes"
"Saunders, Max",="100",="100 FR SCY",="21",="2",="43.05",="43.05",="2023 Winter US Open (LCM)",="2023 Men's Pac 12 Championships",="3/4/2023",="Unattached",="US",="False",="114",="943",="Yes"
"Cohen Groumi, Gal",="100",="100 FR SCY",="20",="2",="43.06",="43.06",="2023 Winter US Open (LCM)",="Tennessee Invitational",="11/19/2022",="Unattached",="US",="True",="115",="943",="Yes"
"McBeth, Conner",="100",="100 FR SCY",="20",="2",="43.06",="43.06",="2022 Winter US Open (LCM)",="WVU Invite",="11/19/2022",="Unattached",="US",="False",="115",="943",="Yes"
"Brooks, Finn",="100",="100 FR SCY",="19",="2",="43.07",="43.07",="2023 Winter US Open (LCM)",="Ohio State Fall Invitational 2022",="11/19/2022",="Indiana University",="IN",="False",="117",="942",="Yes"
"Butler, Lance",="100",="100 FR SCY",="20",="2",="43.07",="43.07",="2023 Winter US Open (LCM)",="2023 AAC Championships",="2/18/2023",="Unattached",="US",="False",="117",="942",="Yes"
"Ratiu, George",="100",="100 FR SCY",="22",="2",="43.07",="43.07",="2023 Winter US Open (LCM)",="2023 WAC Championships",="2/25/2023",="Unattached",="US",="True",="117",="942",="Yes"
"MILLARD, NOAH",="100",="100 FR SCY",="20",="2",="43.08",="43.08",="2023 Winter US Open (LCM)",="2023 Men's Ivy League Championships",="2/25/2023",="Unattached",="US",="True",="120",="941",="Yes"
"Chambers, Micah",="100",="100 FR SCY",="20",="2",="43.09",="43.09",="2023 Winter US Open (LCM)",="2023 SEC Championships",="2/18/2023",="University Of Tennessee",="SE",="False",="121",="941",="Yes"
"Fuchs, Collin",="100",="100 FR SCY",="20",="2",="43.10",="43.10",="2023 Winter US Open (LCM)",="American Short Course- Men's Last Chance Meet",="3/4/2023",="Texas A & M University",="GU",="False",="122",="940",="Yes"
"Ndebele, Kobe",="100",="100 FR SCY",="19",="2",="43.10",="43.10",="2023 Winter US Open (LCM)",="2023 Big 12 Championships",="2/25/2023",="Unattached",="US",="True",="122",="940",="Yes"
"Schoeman, Roland",="100",="100 FR SCY",="42",="2",="43.10",="43.10",="2023 Winter US Open (LCM)",="2022 NT KMSC Pro-Am Classic",="12/18/2022",="Phoenix Swim Club",="AZ",="True",="122",="940",="Yes"
"Behar, Tiago",="100",="100 FR SCY",="20",="2",="43.11",="43.11",="2023 Winter US Open (LCM)",="2023 Men's Pac 12 Championships",="3/4/2023",="Unattached",="US",="True",="125",="940",="Yes"
"Gures, Umitcan",="100",="100 FR SCY",="23",="2",="43.11",="43.11",="2023 Winter US Open (LCM)",="2023 Men's Ivy League Championships",="2/25/2023",="Unattached",="US",="True",="125",="940",="Yes"
"Aikins, Jack",="100",="100 FR SCY",="20",="2",="43.12",="43.12",="2022 Winter US Open (LCM)",="Tennessee Invitational",="11/19/2022",="Unattached",="US",="False",="127",="939",="Yes"
"Hayon, Will",="100",="100 FR SCY",="18",="2",="43.12",="43.12",="2023 Winter US Open (LCM)",="2023 ACC Championships",="2/18/2023",="Unattached",="US",="False",="127",="939",="Yes"
"Fox, Jerry",="100",="100 FR SCY",="17",="2",="43.12",="43.12",="2023 Winter US Open (LCM)",="2023 NC TAC Titans Tar Heel States",="3/26/2023",="TAC Titans",="NC",="False",="127",="962",="Yes"
"Kunert, Alex",="100",="100 FR SCY",="27",="2",="43.12",="43.12",="2023 Winter US Open (LCM)",="2023 CCSA Championships",="2/18/2023",="Unattached",="US",="True",="127",="939",="Yes"
"Schuster, Jack",="100",="100 FR SCY",="19",="2",="43.13",="43.13",="2023 Winter US Open (LCM)",="2023 ST Spring Speedo Sectionals",="3/23/2023",="Aquawolves Swimming",="CO",="False",="131",="939",="Yes"
"Friese, Eric",="100",="100 FR SCY",="23",="2",="43.13",="43.13",="2023 Winter US Open (LCM)",="Georgia Fall Invitational",="11/19/2022",="Unattached",="US",="True",="131",="939",="Yes"
"Tirheimer, Chance",="100",="100 FR SCY",="19",="2",="43.14",="43.14",="2023 Winter US Open (LCM)",="Bulldog NCAA Qualifying Meet 2023",="2/26/2023",="Unattached",="US",="False",="133",="938",="Yes"
"Bellotti, Hayden",="100",="100 FR SCY",="18",="2",="43.14",="43.14",="2023 Winter US Open (LCM)",="2023 GU Speedo Sectionals Championship Series - College Station",="3/3/2023","First Colony Swim Team, Inc.",="GU",="False",="133",="938",="Yes"
"Navikonis, Tomas",="100",="100 FR SCY",="19",="2",="43.14",="43.14",="2023 Winter US Open (LCM)",="2023 Men's Big Ten Championships",="2/25/2023",="Unattached",="US",="True",="133",="938",="Yes"
"Csuvarszki, Donat",="100",="100 FR SCY",="22",="2",="43.16",="43.16",="2023 Winter US Open (LCM)",="2023 Men's Mid-American Conference Championships",="3/4/2023",="Unattached",="US",="True",="136",="937",="Yes"
"Jones, Roman",="100",="100 FR SCY",="17",="2",="43.17",="43.17",="2023 Winter US Open (LCM)",="2022 Speedo Winter Juniors East",="12/10/2022",="Fanwood-Scotch Plains YMCA",="NJ",="False",="137",="958",="Yes"
"Germonprez, Nate",="100",="100 FR SCY",="18",="2",="43.17",="43.17",="2023 Winter US Open (LCM)",="2023 MW Obs Nebraska HS Champs",="2/24/2023",="Unattached",="MW",="False",="137",="936",="Yes"
"Quarles, Samuel",="100",="100 FR SCY",="18",="2",="43.17",="43.17",="2023 Winter US Open (LCM)",="2023 CC 2023 CIF State Swimming and Diving Championships",="5/13/2023",="Unattached",="SI",="False",="137",="937",="Yes"
"Husband, Ryan",="100",="100 FR SCY",="21",="2",="43.17",="43.17",="2023 Winter US Open (LCM)",="2023 SEC Championships",="2/18/2023",="Auburn Aquatics",="SE",="False",="137",="936",="Yes"
"Zampese, Matteo",="100",="100 FR SCY",="26",="2",="43.18",="43.18",="2023 Winter US Open (LCM)",="2023 NCAA Division II Championships",="3/11/2023",="Unattached",="US",="True",="141",="936",="Yes"
"O'Haimhirgin, Finn",="100",="100 FR SCY",="21",="2",="43.18",="43.18",="2023 Winter US Open (LCM)",="Princeton Big Al Invitational",="12/4/2022",="Unattached",="US",="False",="141",="936",="Yes"
"Harlow, Owen",="100",="100 FR SCY",="19",="2",="43.19",="43.19",="2023 Winter US Open (LCM)",="Army vs. Navy",="12/2/2022",="Army West Point",="MR",="False",="143",="935",="Yes"
"Sztolcman, Christian",="100",="100 FR SCY",="22",="2",="43.22",="43.22",="2023 Winter US Open (LCM)",="Auburn vs Alabama",="1/20/2023",="Unattached",="US",="False",="144",="934",="Yes"
"Palmer, Tommy",="100",="100 FR SCY",="19",="2",="43.22",="43.22",="2023 Winter US Open (LCM)",="2023 Men's Pac 12 Championships",="3/4/2023",="Unattached",="US",="False",="144",="934",="Yes"
"Baltes, Daniel",="100",="100 FR SCY",="20",="2",="43.25",="43.25",="2023 Winter US Open (LCM)",="2023 Men's Big Ten Championships",="2/25/2023",="Unattached",="US",="False",="146",="932",="Yes"
"Cotter, Michael",="100",="100 FR SCY",="19",="2",="43.25",="43.25",="2023 Winter US Open (LCM)",="NC State GAC Invitational",="11/19/2022",="NC State University",="NC",="False",="146",="932",="Yes"
"Craig, Cameron",="100",="100 FR SCY",="24",="2",="43.25",="43.25",="2022 Winter US Open (LCM)",="SMU Invite",="11/19/2022",="Unattached",="US",="False",="146",="932",="Yes"
"Nicolas, Javier",="100",="100 FR SCY",="22",="2",="43.26",="43.26",="2023 Winter US Open (LCM)",="Mizzou Invite",="11/18/2022",="Brigham Young University Swim",="UT",="True",="149",="931",="Yes"
"Kelly, Caleb",="100",="100 FR SCY",="21",="2",="43.27",="43.27",="2023 Winter US Open (LCM)",="Patriot League Championships",="2/18/2023",="Unattached",="US",="False",="150",="931",="Yes"
"Modglin, Will",="100",="100 FR SCY",="18",="2",="43.27",="43.27",="2023 Winter US Open (LCM)",="2023 IN ISI Senior State Championships",="3/10/2023",="Zionsville Swim Club",="IN",="False",="150",="931",="Yes"
"Koski, Tomas",="100",="100 FR SCY",="18",="2",="43.27",="43.27",="2023 Winter US Open (LCM)",="2023 GA Best of the South",="3/12/2023",="Unattached",="GA",="False",="150",="931",="Yes"
"McCarty, Quintin",="100",="100 FR SCY",="18",="2",="43.27",="43.27",="2022 Winter US Open (LCM)",="Tennessee vs. NC State",="10/15/2022",="NC State University",="NC",="False",="150",="931",="Yes"
"Maurer, Rex",="100",="100 FR SCY",="18",="2",="43.28",="43.28",="2023 Winter US Open (LCM)",="2023 CA OB CIF-SS Division 1 Championships",="5/3/2023",="Unattached",="CA",="False",="154",="931",="Yes"
"Petkovic, Andrija",="100",="100 FR SCY",="21",="2",="43.28",="43.28",="2023 Winter US Open (LCM)",="2023 CSCAA National Invitational Championship",="3/11/2023",="Tritons Aquatic Club",="SI",="True",="154",="931",="Yes"
"Nankov, Deniel",="100",="100 FR SCY",="20",="2",="43.31",="43.31",="2023 Winter US Open (LCM)",="2023 MA Eastern Interscholastic Swimming Championships",="2/18/2023",="Unattached",="MA",="True",="156",="929",="Yes"
"Dramm, Louis",="100",="100 FR SCY",="20",="2",="43.31",="43.31",="2023 Winter US Open (LCM)",="Tennessee Invitational",="11/19/2022",="Unattached",="US",="True",="156",="929",="Yes"
"Wright, Jack",="100",="100 FR SCY",="22",="2",="43.31",="43.31",="2023 Winter US Open (LCM)",="2023 ACC Championships",="2/18/2023",="Unattached",="US",="False",="156",="929",="Yes"
"Mihm, Rick",="100",="100 FR SCY",="21",="2",="43.31",="43.31",="2023 Winter US Open (LCM)",="2023 Men's Pac 12 Championships",="3/4/2023",="Unattached",="US",="False",="156",="929",="Yes"
"Ohnov, Viacheslav",="100",="100 FR SCY",="25",="2",="43.31",="43.31",="2023 Winter US Open (LCM)",="2023 South Atlantic Championships",="2/11/2023",="Unattached",="US",="False",="156",="929",="Yes"
"Holmes, Gibson",="100",="100 FR SCY",="18",="2",="43.32",="43.32",="2023 Winter US Open (LCM)",="2022 Speedo Winter Juniors East",="12/10/2022",="Mason Manta Rays",="OH",="False",="161",="928",="Yes"
"Dragojlovic, Djordje",="100",="100 FR SCY",="21",="2",="43.32",="43.32",="2023 Winter US Open (LCM)",="2023 NCAA Division III Championships",="3/18/2023",="Kenyon",="OH",="True",="161",="929",="Yes"
"Bosch, Matthew",="100",="100 FR SCY",="21",="2",="43.33",="43.33",="2023 Winter US Open (LCM)",="2023 NCAA Division II Championships",="3/11/2023",="Unattached",="US",="True",="163",="927",="Yes"
"Bolanos, Panos",="100",="100 FR SCY",="21",="2",="43.34",="43.34",="2023 Winter US Open (LCM)",="Minnesota Invite",="12/3/2022",="Team Rebel Aquatics",="CA",="False",="164",="927",="Yes"
"Battaglini, Lucca",="100",="100 FR SCY",="17",="2",="43.34",="43.34",="2023 Winter US Open (LCM)",="2022 Speedo Winter Juniors East",="12/10/2022",="East Carolina Aquatics",="NC",="False",="164",="949",="Yes"
"Walther, Max",="100",="100 FR SCY",="23",="2",="43.34",="43.34",="2023 Winter US Open (LCM)",="2023 Men's Ivy League Championships",="2/25/2023",="Unattached",="US",="False",="164",="927",="Yes"
"Duracinsky, Jacob",="100",="100 FR SCY",="19",="2",="43.35",="43.35",="2023 Winter US Open (LCM)",="2023 CAA Championships",="2/25/2023",="Unattached",="US",="False",="167",="926",="Yes"
"Thompson, Jeron",="100",="100 FR SCY",="22",="2",="43.35",="43.35",="2023 Winter US Open (LCM)",="2023 Great Lakes Valley Championships",="2/11/2023",="Unattached",="US",="True",="167",="926",="Yes"
"Jones, Keaton",="100",="100 FR SCY",="18",="2",="43.36",="43.36",="2023 Winter US Open (LCM)",="2023 ST Spring Speedo Sectionals",="3/23/2023",="Swim Neptune",="AZ",="False",="169",="926",="Yes"
"Dubinin, Vlad",="100",="100 FR SCY",="23",="2",="43.37",="43.37",="2023 Winter US Open (LCM)",="2023 ACC Championships",="2/18/2023",="Unattached",="US",="False",="170",="925",="Yes"
"Hoover, Sam",="100",="100 FR SCY",="19",="2",="43.38",="43.38",="2023 Winter US Open (LCM)",="Bulldog NCAA Qualifying Meet 2023",="2/26/2023",="Unattached",="US",="False",="171",="925",="Yes"
"Koeppen, Will",="100",="100 FR SCY",="21",="2",="43.38",="43.38",="2023 Winter US Open (LCM)",="Ohio State Fall Invitational 2022",="11/19/2022",="Virginia Tech",="VA",="False",="171",="925",="Yes"
"Torepe-Ormsby, Taiko",="100",="100 FR SCY",="19",="2",="43.39",="43.39",="2023 Winter US Open (LCM)",="2023 NCAA Division I Men's Championships",="3/25/2023",="Unattached",="US",="True",="173",="924",="Yes"
"Ungur, Andrei",="100",="100 FR SCY",="24",="2",="43.39",="43.39",="2023 Winter US Open (LCM)",="2023 Men's Pac 12 Championships",="3/4/2023",="Unattached",="US",="True",="173",="924",="Yes"
"Wilburn, Cason",="100",="100 FR SCY",="21",="2",="43.40",="43.40",="2023 Winter US Open (LCM)",="2023 ACC Championships",="2/18/2023",="University Of Notre Dame",="IN",="False",="175",="924",="Yes"
"Roy, Neel",="100",="100 FR SCY",="21",="2",="43.40",="43.40",="2023 Winter US Open (LCM)",="2023 Men's Pac 12 Championships",="3/4/2023",="Unattached",="US",="True",="175",="924",="Yes"
"Matic, Djurdje",="100",="100 FR SCY",="22",="2",="43.42",="43.42",="2023 Winter US Open (LCM)",="2023 Atlantic 10 Championships",="2/18/2023",="George Washington Aquatics",="PV",="True",="177",="922",="Yes"
"Bart, Christian",="100",="100 FR SCY",="23",="2",="43.43",="43.43",="2023 Winter US Open (LCM)",="2023 Horizon League",="2/18/2023",="Unattached",="US",="False",="178",="922",="Yes"
"Tudoras, Lucas",="100",="100 FR SCY",="18",="2",="43.44",="43.44",="2023 Winter US Open (LCM)",="Princeton Big Al Invitational",="12/4/2022",="Unattached",="US",="False",="179",="921",="Yes"
"Wimberly, Jacob",="100",="100 FR SCY",="17",="2",="43.44",="43.44",="2023 Winter US Open (LCM)",="2022 Speedo Winter Juniors West",="12/10/2022",="Texas Ford Aquatics",="NT",="False",="179",="943",="Yes"
"Cohen, Eli",="100",="100 FR SCY",="21",="2",="43.44",="43.44",="2023 Winter US Open (LCM)",="2023 WAC Championships",="2/25/2023",="Unattached",="US",="True",="179",="922",="Yes"
"McChesney, James",="100",="100 FR SCY",="20",="2",="43.46",="43.46",="2023 Winter US Open (LCM)",="2023 NCAA Division III Championships",="3/18/2023",="Unattached",="US",="False",="182",="921",="Yes"
"Beckstead-Holman, William",="100",="100 FR SCY",="19",="2",="43.47",="43.47",="2023 Winter US Open (LCM)",="2023 NI NJCAA Swimming and Diving Championships",="3/4/2023",="Indian River State College",="FL",="True",="183",="920",="Yes"
"Sanford, Brad",="100",="100 FR SCY",="21",="2",="43.47",="43.47",="2023 Winter US Open (LCM)",="2023 ACC Championships",="2/18/2023",="Unattached",="US",="False",="183",="920",="Yes"
"McGovern, Garrett",="100",="100 FR SCY",="20",="2",="43.47",="43.47",="2023 Winter US Open (LCM)",="Army vs. Navy",="12/2/2022",="Unattached",="MD",="False",="183",="920",="Yes"
"Dillingham, Diggory",="100",="100 FR SCY",="17",="2",="43.47",="43.47",="2023 Winter US Open (LCM)",="2022 Speedo Winter Juniors West",="12/10/2022",="Bend Swim Club",="OR",="False",="183",="942",="Yes"
"Simon, Miles",="100",="100 FR SCY",="21",="2",="43.47",="43.47",="2023 Winter US Open (LCM)",="2023 Northeast Championships",="2/25/2023",="City Of Atlanta Dolphins",="GA",="False",="183",="920",="Yes"
"James, Zion",="100",="100 FR SCY",="18",="2",="43.48",="43.48",="2023 Winter US Open (LCM)",="2023 Men's Ivy League Championships",="2/25/2023",="Unattached",="US",="False",="188",="919",="Yes"
"Obochi, Tobe",="100",="100 FR SCY",="19",="2",="43.48",="43.48",="2023 Winter US Open (LCM)",="2023 NEWMAC Championships",="2/19/2023",="Unattached",="US",="False",="188",="919",="Yes"
"Mielniczuk, Bartosz",="100",="100 FR SCY",="21",="2",="43.49",="43.49",="2023 Winter US Open (LCM)",="2023 Conference Carolinas Championships",="2/18/2023",="Unattached",="US",="False",="190",="919",="Yes"
"Paulson, Colton",="100",="100 FR SCY",="22",="2",="43.50",="43.50",="2022 Winter US Open (LCM)",="Ohio State Fall Invitational 2022",="11/19/2022",="Unattached",="US",="False",="191",="918",="Yes"
"Matuszewski, Krzysztof",="100",="100 FR SCY",="19",="2",="43.50",="43.50",="2023 Futures (LCM)",="2023 WAC Championships",="2/25/2023",="Unattached",="US",="False",="191",="918",="Yes"
"Stoffle, Aidan",="100",="100 FR SCY",="22",="2",="43.50",="43.50",="2023 Futures (LCM)",="Auburn University Invitational",="2/4/2023",="Auburn Aquatics",="SE",="False",="191",="918",="Yes"
"Yavari, Alireza",="100",="100 FR SCY",="22",="2",="43.51",="43.51",="2023 Futures (LCM)",="2023 NCAA Division II Championships",="3/11/2023",="Unattached",="US",="False",="194",="918",="Yes"
"Bruns, Cole",="100",="100 FR SCY",="21",="2",="43.51",="43.51",="2022 Winter US Open (LCM)",="SMU Invite",="11/19/2022",="Unattached",="US",="False",="194",="918",="Yes"
"Snitko, Marcel",="100",="100 FR SCY",="22",="2",="43.51",="43.51",="2023 Futures (LCM)",="2023 South Atlantic Championships",="2/11/2023",="Unattached",="US",="True",="194",="918",="Yes"
"Linnihan, Ryan",="100",="100 FR SCY",="22",="2",="43.52",="43.52",="2023 Futures (LCM)",="2023 Men's Ivy League Championships",="2/25/2023",="Unattached",="US",="False",="197",="917",="Yes"
"Wang, Sonny",="100",="100 FR SCY",="17",="2",="43.52",="43.52",="2023 Summer Juniors (LCM)",="2023 ST OB UIL 6A State Swimming & Diving Championship",="2/17/2023",="Unattached",="ST",="False",="197",="939",="Yes"
"Harrison, Brigham",="100",="100 FR SCY",="23",="2",="43.52",="43.52",="2023 Futures (LCM)",="2023 Mountain Pacific Championships",="2/18/2023",="Brigham Young University Swim",="UT",="False",="197",="917",="Yes"
"Frandson, Trent",="100",="100 FR SCY",="20",="2",="43.52",="43.52",="2023 Futures (LCM)",="2023 Men's Pac 12 Championships",="3/4/2023",="Unattached",="PC",="False",="197",="917",="Yes"
"Scholl, Ben",="100",="100 FR SCY",="18",="2",="43.53",="43.53",="2023 Summer Juniors (LCM)",="2023 GU Speedo Sectionals Championship Series - College Station",="3/3/2023",="Cypress Fairbanks Swim Club",="GU",="False",="201",="916",="Yes"
"Wiegand, Ben",="100",="100 FR SCY",="20",="2",="43.53",="43.53",="2023 Futures (LCM)",="2023 Men's Big Ten Championships",="2/25/2023",="Unattached",="US",="False",="201",="916",="Yes"
"Urlando, Luca",="100",="100 FR SCY",="20",="2",="43.53",="43.53",="2022 Winter US Open (LCM)",="Arizona State/ Missouri at UGA",="10/1/2022",="DART Swimming",="SN",="False",="201",="916",="Yes"
"Diehl, Daniel",="100",="100 FR SCY",="17",="2",="43.53",="43.53",="2023 Summer Juniors (LCM)",="2023 NC YMCA National Short Course Championships",="4/7/2023",="YMCA of Cumberland",="MD",="False",="201",="939",="Yes"
"Micallef, Kyle",="100",="100 FR SCY",="21",="2",="43.54",="43.54",="2023 Futures (LCM)",="2023 NCAA Division II Championships",="3/11/2023",="Unattached",="US",="True",="205",="916",="Yes"
"Farrar, Lucas",="100",="100 FR SCY",="22",="2",="43.54",="43.54",="2023 Futures (LCM)",="Minnesota Invite",="12/3/2022",="University of Minnesota",="MN",="False",="205",="916",="Yes"
"Petrides, Michael",="100",="100 FR SCY",="22",="2",="43.54",="43.54",="2023 Futures (LCM)",="2023 Men's Pac 12 Championships",="3/4/2023",="California Aquatics",="PC",="False",="205",="916",="Yes"
"Jyawook, Spencer",="100",="100 FR SCY",="21",="2",="43.54",="43.54",="2023 Futures (LCM)",="2023 Horizon League",="2/18/2023",="Unattached",="US",="False",="205",="916",="Yes"
"Glass, Kham",="100",="100 FR SCY",="23",="2",="43.55",="43.55",="2023 Futures (LCM)",="2023 NCAA Division II Championships",="3/11/2023",="Unattached",="US",="False",="209",="915",="Yes"
"Hawthorne, Drew",="100",="100 FR SCY",="21",="2",="43.55",="43.55",="2023 Futures (LCM)",="2023 AAC Championships",="2/18/2023",="Unattached",="US",="False",="209",="915",="Yes"
"Santiago, Alex",="100",="100 FR SCY",="20",="2",="43.56",="43.56",="2023 Futures (LCM)",="2023 Men's Mid-American Conference Championships",="3/4/2023",="Unattached",="US",="False",="211",="915",="Yes"
"Pickles, Ian",="100",="100 FR SCY",="17",="2",="43.57",="43.57",="2023 Summer Juniors (LCM)",="2023 ST Spring Speedo Sectionals",="3/23/2023",="Swim Neptune",="AZ",="False",="212",="936",="Yes"
"Morris, Chris",="100",="100 FR SCY",="20",="2",="43.57",="43.57",="2023 Futures (LCM)",="2023 Men's Big Ten Championships",="2/25/2023",="Unattached",="US",="False",="212",="914",="Yes"
"Gropper, Guy",="100",="100 FR SCY",="24",="2",="43.58",="43.58",="2023 Futures (LCM)",="2023 SEC Championships",="2/18/2023",="Unattached",="US",="True",="214",="914",="Yes"
"Chaye, Owen",="100",="100 FR SCY",="21",="2",="43.58",="43.58",="2023 Futures (LCM)",="2023 Men's Mid-American Conference Championships",="3/4/2023",="Ball State University",="IN",="False",="214",="914",="Yes"
"Goudie, Nicholas",="100",="100 FR SCY",="21",="2",="43.58",="43.58",="2023 Futures (LCM)",="2023 NCAA Division III Championships",="3/18/2023",="Dynamo Swim Club",="GA",="False",="214",="914",="Yes"
"Heredia, Brandon",="100",="100 FR SCY",="23",="2",="43.58",="43.58",="2023 Futures (LCM)",="2023 RMAC Championships",="2/11/2023",="Unattached",="OK",="False",="214",="914",="Yes"
"Aguilera, Santiago",="100",="100 FR SCY",="22",="2",="43.59",="43.59",="2023 Futures (LCM)",="2023 NCAA Division II Championships",="3/11/2023",="Unattached",="US",="True",="218",="913",="Yes"
"Hemmens, Reece",="100",="100 FR SCY",="23",="2",="43.59",="43.59",="2023 Futures (LCM)",="2023 WAC Championships",="2/25/2023",="Unattached",="US",="False",="218",="913",="Yes"
"Johnson, Marvin",="100",="100 FR SCY",="17",="2",="43.60",="43.60",="2023 Summer Juniors (LCM)",="2023 SE TISCA HS State Championship",="2/11/2023",="Unattached",="SE",="True",="220",="935",="Yes"
"Sungaila, Tomas",="100",="100 FR SCY",="23",="2",="43.60",="43.60",="2022 Winter US Open (LCM)",="Tennessee Invitational",="11/19/2022",="Unattached",="US",="False",="220",="913",="Yes"
"Boyle, Connor",="100",="100 FR SCY",="20",="2",="43.60",="43.60",="2022 Winter US Open (LCM)",="Tennessee Invitational",="11/19/2022",="University Of Virginia",="VA",="False",="220",="913",="Yes"
"Feldman, Benjamin",="100",="100 FR SCY",="20",="2",="43.60",="43.60",="2023 Futures (LCM)",="2023 Men's Ivy League Championships",="2/25/2023",="Unattached",="US",="False",="220",="913",="Yes"
"Fabian, Milan",="100",="100 FR SCY",="21",="2",="43.61",="43.61",="2023 Futures (LCM)",="2023 Big 12 Championships",="2/25/2023",="Unattached",="US",="True",="224",="912",="Yes"
"Lamb, August",="100",="100 FR SCY",="22",="2",="43.61",="43.61",="2023 Futures (LCM)",="2023 ACC Championships",="2/18/2023",="Unattached",="US",="False",="224",="912",="Yes"
"Feehery, Colin",="100",="100 FR SCY",="21",="2",="43.61",="43.61",="2022 Winter US Open (LCM)",="SMU Invite",="11/19/2022",="Unattached",="US",="False",="224",="912",="Yes"
"Loktev, Denis",="100",="100 FR SCY",="22",="2",="43.62",="43.62",="2022 Winter US Open (LCM)",="Purdue Invite 2022",="11/18/2022",="Unattached",="US",="True",="227",="912",="Yes"
"Balcerak, Michael",="100",="100 FR SCY",="23",="2",="43.62",="43.62",="2023 Futures (LCM)",="2023 AAC Championships",="2/18/2023",="Unattached",="US",="False",="227",="911",="Yes"
"Huey, Bryson",="100",="100 FR SCY",="19",="2",="43.62",="43.62",="2023 Futures (LCM)",="2023 WAC Championships",="2/25/2023",="Team Rebel Aquatics",="CA",="False",="227",="911",="Yes"
"Driscoll, Matt",="100",="100 FR SCY",="20",="2",="43.62",="43.62",="2023 Futures (LCM)",="2023 Mountain Pacific Championships",="2/18/2023",="Unattached",="US",="False",="227",="911",="Yes"
"Storms, Eric",="100",="100 FR SCY",="23",="2",="43.62",="43.62",="2023 Futures (LCM)",="SEC Championships Time Trials",="2/18/2023",="U. of Missouri",="MV",="False",="227",="911",="Yes"
"Shackell, Aaron",="100",="100 FR SCY",="18",="2",="43.63",="43.63",="2023 Summer Juniors (LCM)",="2022 Speedo Winter Juniors East",="12/10/2022",="Carmel Swim Club",="IN",="False",="232",="911",="Yes"
"Filipovic, Alec",="100",="100 FR SCY",="19",="2",="43.63",="43.63",="2023 Futures (LCM)",="2023 Big 12 Championships",="2/25/2023",="Unattached",="US",="False",="232",="911",="Yes"
"Bowers, Noah",="100",="100 FR SCY",="21",="2",="43.63",="43.63",="2023 Futures (LCM)",="2023 ACC Championships",="2/18/2023",="NC State University",="NC",="False",="232",="911",="Yes"
"Greeley, David",="100",="100 FR SCY",="19",="2",="43.63",="43.63",="2023 Futures (LCM)",="2023 Men's Ivy League Championships",="2/25/2023",="Unattached",="US",="False",="232",="911",="Yes"
"Benzing, Brian",="100",="100 FR SCY",="21",="2",="43.63",="43.63",="2023 Futures (LCM)",="2023 CAA Championships",="2/25/2023",="Towson University Swimming",="MD",="False",="232",="911",="Yes"
"Sequeira, Aaron",="100",="100 FR SCY",="21",="2",="43.63",="43.63",="2023 Futures (LCM)",="2023 Men's Pac 12 Championships",="3/4/2023",="Unattached",="US",="False",="232",="911",="Yes"
"Wolff, Sebastian",="100",="100 FR SCY",="19",="2",="43.64",="43.64",="2023 Futures (LCM)",="2023 Men's Ivy League Championships",="2/25/2023",="Unattached",="US",="False",="238",="910",="Yes"
"MacAlister, Leon",="100",="100 FR SCY",="22",="2",="43.65",="43.65",="2022 Winter US Open (LCM)",="Stanford vs Utah",="10/13/2022",="Alto Swim Club",="PC",="True",="239",="910",="Yes"
"Sallam, Ahmed",="100",="100 FR SCY",="23",="2",="43.65",="43.65",="2023 Futures (LCM)",="2023 MAAC Championships",="2/11/2023",="Unattached",="US",="False",="239",="910",="Yes"
"Purdy, Ryan",="100",="100 FR SCY",="21",="2",="43.66",="43.66",="2023 Futures (LCM)",="Minnesota Invite",="12/3/2022",="Arizona Elite",="AZ",="False",="241",="909",="Yes"
"Smith, Sebastian",="100",="100 FR SCY",="18",="2",="43.66",="43.66",="2022 Winter US Open (LCM)",="WVU Invite",="11/19/2022",="Drexel University",="MA",="False",="241",="909",="Yes"
"Bray, Kraig",="100",="100 FR SCY",="21",="2",="43.67",="43.67",="2023 Futures (LCM)",="American Short Course- Men's Last Chance Meet",="3/4/2023",="Texas A & M University",="GU",="False",="243",="909",="Yes"
"McDonald, Mario",="100",="100 FR SCY",="20",="2",="43.67",="43.67",="2023 Futures (LCM)",="2023 Men's Big Ten Championships",="2/25/2023",="Unattached",="US",="False",="243",="909",="Yes"
"Surkovic, Mario",="100",="100 FR SCY",="19",="2",="43.67",="43.67",="2022 Winter US Open (LCM)",="SMU Invite",="11/19/2022",="Unattached",="US",="True",="243",="909",="Yes"
"Silva, Joao",="100",="100 FR SCY",="21",="2",="43.68",="43.68",="2023 Futures (LCM)",="2023 NCAA Division II Championships",="3/11/2023",="Unattached",="US",="False",="246",="908",="Yes"
"Lee, Marcus",="100",="100 FR SCY",="19",="2",="43.68",="43.68",="2023 Futures (LCM)",="2023 Men's Ivy League Championships",="2/25/2023",="Unattached",="US",="False",="246",="908",="Yes"
"Wilson, Daniel",="100",="100 FR SCY",="21",="2",="43.68",="43.68",="2023 Futures (LCM)",="2023 SEC Championships",="2/18/2023",="U. of Missouri",="MV",="False",="246",="908",="Yes"
"Tistan, Tibor",="100",="100 FR SCY",="19",="2",="43.69",="43.69",="2023 Futures (LCM)",="2023 NCAA Division II Championships",="3/11/2023",="Unattached",="US",="False",="249",="908",="Yes"
"Carrozza, Coby",="100",="100 FR SCY",="21",="2",="43.69",="43.69",="2022 Winter US Open (LCM)",="TEX vs UVA Friday",="11/4/2022",="Unattached",="ST",="False",="249",="908",="Yes"
"Scanlon, Scott",="100",="100 FR SCY",="22",="2",="43.69",="43.69",="2022 Winter US Open (LCM)",="Tennessee Invitational",="11/19/2022",="University Of Tennessee",="SE",="False",="249",="908",="Yes"
"Lim, Ananda",="100",="100 FR SCY",="22",="2",="43.70",="43.70",="2023 Futures (LCM)",="Bulldog NCAA Qualifying Meet 2023",="2/26/2023","Marietta Marlins, Inc",="GA",="True",="252",="907",="Yes"
"Kharun, Ilya",="100",="100 FR SCY",="18",="2",="43.70",="43.70",="2023 Summer Juniors (LCM)",="2023 CA TYR Desert Championships",="2/18/2023",="Sandpipers Of Nevada",="CA",="True",="252",="907",="Yes"
"McDonald, Owen",="100",="100 FR SCY",="18",="2",="43.70",="43.70",="2022 Winter US Open (LCM)",="NC State GAC Invitational",="11/19/2022",="Dynamo Swim Club",="GA",="False",="252",="907",="Yes"
"Hynes, Jp",="100",="100 FR SCY",="22",="2",="43.70",="43.70",="2023 Futures (LCM)",="Princeton Big Al Invitational",="12/4/2022",="Unattached",="UT",="False",="252",="907",="Yes"
"Burdisso, Federico",="100",="100 FR SCY",="21",="2",="43.71",="43.71",="2022 Winter US Open (LCM)",="Northwestern University",="11/5/2022",="Northwestern University ST",="IL",="True",="256",="906",="Yes"
"Andrew, Everet",="100",="100 FR SCY",="20",="2",="43.72",="43.72",="2023 Futures (LCM)",="Patriot League Championships",="2/18/2023",="Unattached",="US",="False",="257",="906",="Yes"
"Kolesnykov, Mykyta",="100",="100 FR SCY",="18",="2",="43.72",="43.72",="2023 Summer Juniors (LCM)",="DSU Christmas Invite 2022",="12/13/2022",="Streamline Aquatics",="ST",="True",="257",="906",="Yes"
"George Mathew, Tanish",="100",="100 FR SCY",="19",="2",="43.72",="43.72",="2023 Futures (LCM)",="2023 ACC Championships",="2/18/2023",="Virginia Tech",="VA",="True",="257",="906",="Yes"
"Alexy, Rob",="100",="100 FR SCY",="18",="2",="43.72",="43.72",="2023 Summer Juniors (LCM)",="2023 MA SJISA Meet of Champions",="3/4/2023",="Unattached",="NJ",="False",="257",="906",="Yes"
"Treggiden, Lewis",="100",="100 FR SCY",="18",="2",="43.72",="43.72",="2023 Summer Juniors (LCM)",="Auburn First Chance Meet",="2/4/2023",="Auburn Aquatics",="SE",="True",="257",="906",="Yes"
"Paulus, Peter",="100",="100 FR SCY",="22",="2",="43.73",="43.73",="2023 Futures (LCM)",="American Short Course- Men's Last Chance Meet",="3/4/2023",="University of Texas",="ST",="False",="262",="905",="Yes"
"Selin, Artem",="100",="100 FR SCY",="20",="2",="43.74",="43.74",="2023 Futures (LCM)",="University of Utah at University of Southern California",="2/10/2023",="Unattached",="US",="True",="263",="905",="Yes"
"Mueller, Chase",="100",="100 FR SCY",="18",="2",="43.74",="43.74",="2023 Summer Juniors (LCM)",="2022 Speedo Winter Juniors West",="12/10/2022",="Foothills Swim Team",="CO",="False",="263",="905",="Yes"
"Madoch, Jack",="100",="100 FR SCY",="18",="2",="43.74",="43.74",="2023 Summer Juniors (LCM)",="2023 WI WIAA BOYS HS STATE - DIVISION 1",="2/18/2023",="Unattached",="WI",="False",="263",="905",="Yes"
"McKenzie, Samuel",="100",="100 FR SCY",="23",="2",="43.74",="43.74",="2023 Futures (LCM)",="2023 Horizon League",="2/18/2023",="Unattached",="US",="True",="263",="905",="Yes"
"Harm, Jonah",="100",="100 FR SCY",="22",="2",="43.75",="43.75",="2023 Futures (LCM)",="Patriot League Championships",="2/18/2023",="Unattached",="US",="False",="267",="904",="Yes"
"Lowe, Dalton",="100",="100 FR SCY",="20",="2",="43.75",="43.75",="2023 Futures (LCM)",="LOUISVILLE VS. Cincinnati",="1/28/2023",="Unattached",="US",="False",="267",="904",="Yes"
"McFadden, Henry",="100",="100 FR SCY",="17",="2",="43.75",="43.75",="2023 Summer Juniors (LCM)",="2023 MA SJISA Meet of Champions",="3/4/2023",="Unattached",="MA",="False",="267",="926",="Yes"
"Berlitz, Danny",="100",="100 FR SCY",="21",="2",="43.76",="43.76",="2023 Futures (LCM)",="2023 Big 12 Championships",="2/25/2023",="Unattached",="US",="False",="270",="904",="Yes"
"Duncan, Caleb",="100",="100 FR SCY",="22",="2",="43.76",="43.76",="2023 Futures (LCM)",="2023 ACC Championships",="2/18/2023",="Unattached",="US",="False",="270",="904",="Yes"
"Cvetko, Luka",="100",="100 FR SCY",="22",="2",="43.76",="43.76",="2023 Futures (LCM)",="2023 Great Lakes Intercoll Championships",="2/18/2023",="Unattached",="US",="True",="270",="904",="Yes"
"Nelson, Carter",="100",="100 FR SCY",="21",="2",="43.77",="43.77",="2023 Futures (LCM)",="American Short Course- Men's Last Chance Meet",="3/4/2023",="Texas A & M University",="GU",="False",="273",="903",="Yes"
"Hart, Keelan",="100",="100 FR SCY",="22",="2",="43.77",="43.77",="2023 Futures (LCM)",="2023 Men's Big Ten Championships",="2/25/2023",="Unattached",="US",="False",="273",="903",="Yes"
"Hammer, Kevin",="100",="100 FR SCY",="21",="2",="43.77",="43.77",="2023 Futures (LCM)",="2023 SEC Championships",="2/18/2023",="U. of Missouri",="MV",="False",="273",="903",="Yes"
"Robles Ruiz, Alejandro",="100",="100 FR SCY",="21",="2",="43.78",="43.78",="2023 Futures (LCM)",="2023 NCAA Division II Championships",="3/11/2023",="Unattached",="US",="True",="276",="903",="Yes"
"Kaye, Charlie",="100",="100 FR SCY",="21",="2",="43.78",="43.78",="2023 Futures (LCM)",="2023 AAC Championships",="2/18/2023",="Unattached",="US",="False",="276",="903",="Yes"
"MARTIN ROIG, Victor",="100",="100 FR SCY",="21",="2",="43.78",="43.78",="2023 Futures (LCM)",="2023 SEC Championships",="2/18/2023",="Unattached",="US",="True",="276",="903",="Yes"
"Paiva Da, Raphael",="100",="100 FR SCY",="21",="2",="43.79",="43.79",="2022 Winter US Open (LCM)",="Art Adamson Invitational 2022",="11/18/2022",="Unattached",="US",="True",="279",="902",="Yes"
"Zherebetskyy, Taras",="100",="100 FR SCY",="25",="2",="43.79",="43.79",="2023 Futures (LCM)",="2023 Atlantic 10 Championships",="2/18/2023",="Unattached",="US",="False",="279",="902",="Yes"
"Bacon, Tate",="100",="100 FR SCY",="18",="2",="43.79",="43.79",="2023 Summer Juniors (LCM)",="2023 ACC Championships",="2/18/2023",="University Of Notre Dame",="IN",="False",="279",="902",="Yes"
"Daily, Spencer",="100",="100 FR SCY",="22",="2",="43.79",="43.79",="2023 Futures (LCM)",="2023 Men's Pac 12 Championships",="3/4/2023",="California Aquatics",="PC",="False",="279",="902",="Yes"
"Scully, John",="100",="100 FR SCY",="22",="2",="43.79",="43.79",="2023 Futures (LCM)",="2023 CAA Championships",="2/25/2023",="Unattached",="US",="False",="279",="902",="Yes"
"Magahey, Jake",="100",="100 FR SCY",="21",="2",="43.80",="43.80",="2022 Winter US Open (LCM)",="Georgia Fall Invitational",="11/19/2022",="SwimAtlanta",="GA",="False",="284",="901",="Yes"
"Vanzandt, Jon",="100",="100 FR SCY",="18",="2",="43.80",="43.80",="2023 Summer Juniors (LCM)",="Auburn First Chance Meet",="2/4/2023",="Unattached",="US",="False",="284",="901",="Yes"
"Butera, Nico",="100",="100 FR SCY",="19",="2",="43.81",="43.81",="2023 Futures (LCM)",="2023 Men's Big Ten Championships",="2/25/2023",="Unattached",="US",="False",="286",="901",="Yes"
"Bustos, Arsenio",="100",="100 FR SCY",="19",="2",="43.81",="43.81",="2022 Winter US Open (LCM)",="NC State GAC Invitational",="11/19/2022",="NC State University",="NC",="False",="286",="901",="Yes"
"Fazio, Michael",="100",="100 FR SCY",="22",="2",="43.81",="43.81",="2023 Futures (LCM)",="2023 CAA Championships",="2/25/2023",="Unattached",="US",="False",="286",="901",="Yes"
"Barr, Luke",="100",="100 FR SCY",="19",="2",="43.82",="43.82",="2022 Winter US Open (LCM)",="Ohio State Fall Invitational 2022",="11/19/2022",="Indiana University",="IN",="False",="289",="900",="Yes"
"Franzman, Jack",="100",="100 FR SCY",="23",="2",="43.82",="43.82",="2023 Futures (LCM)",="2023 Men's Big Ten Championships",="2/25/2023",="Indiana University",="IN",="False",="289",="900",="Yes"
"Scannell, Thacher",="100",="100 FR SCY",="22",="2",="43.82",="43.82",="2023 Futures (LCM)",="2023 ACC Championships",="2/18/2023",="Unattached",="US",="False",="289",="900",="Yes"
"Pilkinton, Oliver",="100",="100 FR SCY",="18",="2",="43.83",="43.83",="2023 Summer Juniors (LCM)",="2023 SE Southeastern Short Course Championships",="2/26/2023",="Ensworth Aquatics",="SE",="False",="292",="900",="Yes"
"Aguilar, Adrian",="100",="100 FR SCY",="22",="2",="43.84",="43.84",="2022 Winter US Open (LCM)",="Georgia Fall Invitational",="11/19/2022",="Unattached",="US",="False",="293",="899",="Yes"
"De Silva, Cheran",="100",="100 FR SCY",="26",="2",="43.84",="43.84",="2023 Futures (LCM)",="2023 NCAA Division III Championships",="3/18/2023",="Kenyon",="OH",="True",="293",="900",="Yes"
"Butler, Steven",="100",="100 FR SCY",="21",="2",="43.84",="43.84",="2023 Futures (LCM)",="2023 WAC Championships",="2/25/2023",="Unattached",="US",="False",="293",="899",="Yes"
"Delong, Alec",="100",="100 FR SCY",="21",="2",="43.85",="43.85",="2023 Futures (LCM)",="2023 ACC Championships",="2/18/2023",="Unattached",="US",="False",="296",="899",="Yes"
"Fasolo, Fabio",="100",="100 FR SCY",="21",="2",="43.85",="43.85",="2023 Futures (LCM)",="2023 Mountain Pacific Championships",="2/18/2023",="Unattached",="US",="True",="296",="899",="Yes"
"Garon, Andrew",="100",="100 FR SCY",="19",="2",="43.86",="43.86",="2023 Futures (LCM)",="2023 SEC Championships",="2/18/2023",="Unattached",="US",="False",="298",="898",="Yes"
"Gould, Garrett",="100",="100 FR SCY",="17",="2",="43.88",="43.88",="2023 Summer Juniors (LCM)",="2023 NC YMCA National Short Course Championships",="4/7/2023",="Greater Somerset County YMCA Storm",="NJ",="False",="299",="920",="Yes"
"McDonnell, Liam",="100",="100 FR SCY",="22",="2",="43.88",="43.88",="2023 Futures (LCM)",="2023 NCAA Division III Championships",="3/18/2023",="Unattached",="LE",="False",="299",="898",="Yes"
"Aimable, Steven",="100",="100 FR SCY",="24",="2",="43.88",="43.88",="2023 Futures (LCM)",="2023 Sunshine State Championships",="2/19/2023",="Unattached",="US",="True",="299",="898",="Yes"
"Crush, Johnny",="100",="100 FR SCY",="17",="2",="43.89",="43.89",="2023 Summer Juniors (LCM)",="2023 KY KHSAA State Championship",="2/18/2023",="Unattached",="KY",="False",="302",="919",="Yes"
"Falls, Tanner",="100",="100 FR SCY",="20",="2",="43.90",="43.90",="2023 Futures (LCM)",="Army vs. Navy",="12/2/2022",="Army West Point",="MR",="False",="303",="896",="Yes"
"Hodgson, Marcus",="100",="100 FR SCY",="21",="2",="43.90",="43.90",="2023 Futures (LCM)",="2023 Men's Ivy League Championships",="2/25/2023",="Unattached",="US",="False",="303",="896",="Yes"
"Auerbach, Cam",="100",="100 FR SCY",="21",="2",="43.90",="43.90",="2023 Futures (LCM)",="2023 SEC Championships",="2/18/2023",="Unattached",="US",="False",="303",="896",="Yes"
"Flower, Thomas",="100",="100 FR SCY",="23",="2",="43.90",="43.90",="2023 Futures (LCM)",="2023 Sunshine State Championships",="2/19/2023",="Unattached",="US",="False",="303",="896",="Yes"
"Stelling, Hobson",="100",="100 FR SCY",="21",="2",="43.91",="43.91",="2023 Futures (LCM)",="2023 South Atlantic Championships",="2/11/2023",="Unattached",="US",="False",="307",="895",="Yes"
"Kuyl, Leo",="100",="100 FR SCY",="22",="2",="43.92",="43.92",="2023 Futures (LCM)",="Patriot League Championships",="2/18/2023",="Unattached",="US",="False",="308",="895",="Yes"
"Schroer, Tucker",="100",="100 FR SCY",="22",="2",="43.92",="43.92",="2023 Futures (LCM)",="2023 NCAA Division II Championships",="3/11/2023",="Unattached",="US",="False",="308",="895",="Yes"
"Sivec, Vili",="100",="100 FR SCY",="19",="2",="43.92",="43.92",="2023 Futures (LCM)",="2023 Mountain Pacific Championships",="2/18/2023",="Unattached",="US",="True",="308",="895",="Yes"
"Jacinto, Jerard",="100",="100 FR SCY",="21",="2",="43.93",="43.93",="2023 Futures (LCM)",="2023 NCAA Division II Championships",="3/11/2023",="Unattached",="US",="False",="311",="894",="Yes"
"Baltaytis, Aaron",="100",="100 FR SCY",="17",="2",="43.93",="43.93",="2023 Summer Juniors (LCM)",="2023 NI SYCH Eastern Zone Speedo Sectionals - North Region",="3/25/2023",="Jersey Flyers Aquatic Club",="NJ",="False",="311",="916",="Yes"
"Riva, Luigi",="100",="100 FR SCY",="20",="2",="43.93",="43.93",="2023 Futures (LCM)",="2023 Mountain Pacific Championships",="2/18/2023",="Unattached",="US",="True",="311",="894",="Yes"
"Joyce, Dawson",="100",="100 FR SCY",="19",="2",="43.94",="43.94",="2023 Futures (LCM)",="Bulldog NCAA Qualifying Meet 2023",="2/26/2023",="University of Florida",="FL",="False",="314",="894",="Yes"
"Jedbratt, Felix",="100",="100 FR SCY",="19",="2",="43.94",="43.94",="2023 Futures (LCM)",="2023 Atlantic 10 Championships",="2/18/2023",="Unattached",="US",="True",="314",="894",="Yes"
"Rico Peng, Marcos",="100",="100 FR SCY",="21",="2",="43.94",="43.94",="2023 Futures (LCM)",="2023 MR TYR Senior Mets SCY Championships",="2/19/2023",="New York Athletic Club",="MR",="True",="314",="894",="Yes"
"Dusa, Ondrej",="100",="100 FR SCY",="22",="2",="43.94",="43.94",="2023 Futures (LCM)",="2023 Summit League Championships",="2/25/2023",="Unattached",="US",="False",="314",="894",="Yes"
"Burke, Kevin",="100",="100 FR SCY",="22",="2",="43.94",="43.94",="2023 Futures (LCM)",="2023 Horizon League",="2/18/2023",="Unattached",="US",="False",="314",="894",="Yes"
"Valdez, Roman",="100",="100 FR SCY",="18",="2",="43.95",="43.95",="2023 Summer Juniors (LCM)",="Bulldog NCAA Qualifying Meet 2023",="2/26/2023",="Unattached",="US",="False",="319",="893",="Yes"
"Lucas, Cooper",="100",="100 FR SCY",="17",="2",="43.95",="43.95",="2023 Summer Juniors (LCM)",="2022 Speedo Winter Juniors West",="12/10/2022",="Lakeside Aquatic Club",="NT",="False",="319",="915",="Yes"
"Thomas, Andy",="100",="100 FR SCY",="23",="2",="43.96",="43.96",="2023 Futures (LCM)",="Bucknell Invitational",="11/20/2022",="Unattached",="US",="False",="321",="893",="Yes"
"Petty, Evan",="100",="100 FR SCY",="19",="2",="43.97",="43.97",="2023 Futures (LCM)",="Minnesota Invite",="12/3/2022",="Nashville Aquatic Club",="SE",="False",="322",="892",="Yes"
"Szilagyi, Richard",="100",="100 FR SCY",="24",="2",="43.97",="43.97",="2023 Futures (LCM)",="UNLV Invitational",="12/19/2022",="Unattached",="CA",="True",="322",="892",="Yes"
"Stoffle, Nate",="100",="100 FR SCY",="20",="2",="43.97",="43.97",="2023 Futures (LCM)",="Auburn University Invitational",="2/4/2023",="Auburn Aquatics",="SE",="False",="322",="892",="Yes"
"Lee, Shelby",="100",="100 FR SCY",="25",="2",="43.98",="43.98",="2023 Futures (LCM)",="2023 PN SRST Pacific Coast Invitational",="5/20/2023",="StingRay Swim Team",="PN",="False",="325",="892",="Yes"
"Dunham, Bradley",="100",="100 FR SCY",="22",="2",="43.98",="43.98",="2023 Futures (LCM)",="University of Georgia vs University of Tennessee",="1/21/2023",="Unattached",="US",="False",="325",="892",="Yes"
"Rindshoej, Freddie",="100",="100 FR SCY",="23",="2",="43.98",="43.98",="2023 Futures (LCM)",="Mizzou NCAA Qualifier",="2/25/2023",="U. of Missouri",="MV",="True",="325",="892",="Yes"
"Foy, PJ",="100",="100 FR SCY",="17",="2",="43.98",="43.98",="2023 Summer Juniors (LCM)",="2023 Short Course Senior Zones",="3/31/2023",="Glacier Swim Club",="AK",="False",="325",="914",="Yes"
"Keblys, Jokubas",="100",="100 FR SCY",="20",="2",="43.99",="43.99",="2023 Futures (LCM)",="2023 ACC Championships",="2/18/2023",="Unattached",="US",="True",="329",="891",="Yes"
"Odorici, Leandro",="100",="100 FR SCY",="19",="2",="43.99",="43.99",="2023 Futures (LCM)",="Georgia Fall Invitational",="11/19/2022",="Georgia Tech Swimming",="GA",="True",="329",="891",="Yes"
"Tirone, Frank",="100",="100 FR SCY",="20",="2",="43.99",="43.99",="2023 Futures (LCM)",="Summit League Championships",="2/25/2023",="Unattached",="US",="False",="329",="891",="Yes"
"Sparrow, Austin",="100",="100 FR SCY",="19",="2",="44.00",="44.00",="2023 Futures (LCM)",="Trailblazer Invitational",="11/19/2022",="Unattached",="US",="False",="332",="891",="Yes"
"Hitchcock, Drew",="100",="100 FR SCY",="17",="2",="44.00",="44.00",="2023 Summer Juniors (LCM)",="2023 SE TISCA HS State Championship",="2/11/2023",="Unattached",="SE",="False",="332",="913",="Yes"
"Smelzer, Albert",="100",="100 FR SCY",="15",="2",="44.00",="44.00",="2023 Summer Juniors (LCM)",="2023 NC Senior SC Sectional (TAC)",="3/12/2023",="Swim GSA",="NC",="False",="332",="996",="Yes"
"Naughton, Haakon",="100",="100 FR SCY",="18",="2",="44.01",="44.01",="2023 Summer Juniors (LCM)",="Minnesota Invite",="12/3/2022",="Riptide",="MN",="False",="335",="890",="Yes"
"Sergile, Sebastien",="100",="100 FR SCY",="18",="2",="44.01",="44.01",="2023 Summer Juniors (LCM)",="Tennessee Invitational",="11/19/2022",="University Of Virginia",="VA",="False",="335",="890",="Yes"
"Page-Jones, Charley",="100",="100 FR SCY",="18",="2",="44.02",="44.02",="2023 Summer Juniors (LCM)",="Minnesota Invite",="12/3/2022",="Team Eugene Aquatics-YMCA",="OR",="False",="337",="889",="Yes"
"Brown, Logan",="100",="100 FR SCY",="18",="2",="44.02",="44.02",="2023 Summer Juniors (LCM)",="2023 GU Speedo Sectionals Championship Series - College Station",="3/2/2023","First Colony Swim Team, Inc.",="GU",="False",="337",="889",="Yes"
"Muhammad, Idris",="100",="100 FR SCY",="18",="2",="44.02",="44.02",="2023 Summer Juniors (LCM)",="Purdue Invite 2022",="11/18/2022",="Purdue University",="IN",="False",="337",="889",="Yes"
"Scruggs, Riley",="100",="100 FR SCY",="21",="2",="44.02",="44.02",="2023 Futures (LCM)",="Georgia Fall Invitational",="11/19/2022",="Unattached",="US",="False",="337",="889",="Yes"
"Cumby, Noah",="100",="100 FR SCY",="22",="2",="44.02",="44.02",="2023 Futures (LCM)",="2023 SEC Championships",="2/18/2023",="Unattached",="US",="True",="337",="889",="Yes"
"Hussein, Rateb",="100",="100 FR SCY",="21",="2",="44.02",="44.02",="2023 Futures (LCM)",="2023 CCSA Championships",="2/18/2023",="Florida Atlantic Aquatics",="FG",="True",="337",="889",="Yes"
"Brown, Josh",="100",="100 FR SCY",="23",="2",="44.03",="44.03",="2023 Futures (LCM)",="Princeton Big Al Invitational",="12/4/2022",="Unattached",="US",="False",="343",="889",="Yes"
"Winiatowski, Patryk",="100",="100 FR SCY",="23",="2",="44.03",="44.03",="2023 Futures (LCM)",="2023 Summit League Championships",="2/25/2023",="Unattached",="US",="True",="343",="889",="Yes"
"Heeres, Jacob",="100",="100 FR SCY",="21",="2",="44.04",="44.04",="2023 Futures (LCM)",="Calvin Winter Invite",="12/3/2022",="Unattached",="US",="False",="345",="888",="Yes"
"Ledford, Mitchell",="100",="100 FR SCY",="17",="2",="44.05",="44.05",="2023 Summer Juniors (LCM)",="2022 FL FHSAA Class 3A State Swimming Championships",="11/4/2022",="Unattached",="FL",="False",="346",="910",="Yes"
"Pattison, Kellan",="100",="100 FR SCY",="18",="2",="44.05",="44.05",="2023 Summer Juniors (LCM)",="2023 ST Spring Speedo Sectionals",="3/23/2023",="Scottsdale Aquatic Club",="AZ",="False",="346",="888",="Yes"
"Krtinic, Marko",="100",="100 FR SCY",="22",="2",="44.05",="44.05",="2023 Futures (LCM)",="2023 NCAA Division III Championships",="3/18/2023",="Kenyon",="OH",="True",="346",="888",="Yes"
"Howat, Josh",="100",="100 FR SCY",="16",="2",="44.05",="44.05",="2023 Summer Juniors (LCM)",="2023 FL NCSA Swimming Championships",="3/14/2023",="Nation's Capital Swim Club",="PV",="False",="346",="940",="Yes"
"Rankin, Will",="100",="100 FR SCY",="22",="2",="44.06",="44.06",="2023 Futures (LCM)",="Army vs. Navy",="12/2/2022",="Unattached",="US",="False",="350",="887",="Yes"
"Washburn, Zachary",="100",="100 FR SCY",="19",="2",="44.06",="44.06",="2023 Futures (LCM)",="2023 Northwest Championships",="2/12/2023",="Unattached",="US",="False",="350",="887",="Yes"
"Elkady, Mado",="100",="100 FR SCY",="22",="2",="44.07",="44.07",="2023 Futures (LCM)",="TYR CMU Invitational",="11/19/2022",="Unattached",="US",="False",="352",="887",="Yes"
"Fuhrmann, Jet",="100",="100 FR SCY",="18",="2",="44.07",="44.07",="2023 Summer Juniors (LCM)",="Ohio State Fall Invitational 2022",="11/19/2022",="Unattached",="US",="False",="352",="887",="Yes"
"Meulemans, Ben",="100",="100 FR SCY",="19",="2",="44.07",="44.07",="2023 Futures (LCM)",="2023 Men's Ivy League Championships",="2/25/2023",="Unattached",="US",="False",="352",="887",="Yes"
"Hodgson, Lucas",="100",="100 FR SCY",="18",="2",="44.07",="44.07",="2023 Summer Juniors (LCM)",="Michigan First Chance Meet",="2/12/2023",="Unattached",="US",="False",="352",="887",="Yes"
"Doehler, Ethan",="100",="100 FR SCY",="19",="2",="44.08",="44.08",="2023 Futures (LCM)",="American Short Course- Men's Last Chance Meet",="3/2/2023",="Unattached",="US",="False",="356",="886",="Yes"
"Moran, Blake",="100",="100 FR SCY",="21",="2",="44.08",="44.08",="2023 Futures (LCM)",="Georgia Fall Invitational",="11/19/2022",="Unattached",="US",="False",="356",="886",="Yes"
"Menke, Matt",="100",="100 FR SCY",="22",="2",="44.09",="44.09",="2023 Futures (LCM)",="Alabama v South Carolina",="10/15/2022",="University Of Alabama Swim Club",="SE",="False",="358",="886",="Yes"
"Sullivan, Sean",="100",="100 FR SCY",="18",="2",="44.09",="44.09",="2023 Summer Juniors (LCM)",="2023 IN OBS IN IHSAA Boys State Champs",="2/24/2023",="Unattached",="IN",="False",="358",="886",="Yes"
"Collishaw, James",="100",="100 FR SCY",="20",="2",="44.09",="44.09",="2023 Futures (LCM)",="2023 NCAA Division III Championships",="3/18/2023",="Unattached",="US",="False",="358",="886",="Yes"
"Bobar, Aleksa",="100",="100 FR SCY",="22",="2",="44.10",="44.10",="2023 Futures (LCM)",="Purdue Invite 2022",="11/18/2022",="Northwestern University ST",="IL",="True",="361",="885",="Yes"
"Gingrich, Charlie",="100",="100 FR SCY",="22",="2",="44.10",="44.10",="2023 Futures (LCM)",="2023 ACC Championships",="2/18/2023",="Unattached",="US",="False",="361",="885",="Yes"
"Burns, Brendan",="100",="100 FR SCY",="21",="2",="44.10",="44.10",="2023 Futures (LCM)",="Ohio State Fall Invitational 2022",="11/19/2022",="Indiana University",="IN",="False",="361",="885",="Yes"
"Croley, Evan",="100",="100 FR SCY",="16",="2",="44.10",="44.10",="2023 Summer Juniors (LCM)",="2022 Speedo Winter Juniors West",="12/10/2022",="Streamline Aquatics",="ST",="False",="361",="937",="Yes"
"Esenwein, Lucas",="100",="100 FR SCY",="20",="2",="44.10",="44.10",="2023 Futures (LCM)",="2023 WAC Championships",="2/25/2023",="Unattached",="US",="False",="361",="885",="Yes"
"Terziev, Vladislav",="100",="100 FR SCY",="23",="2",="44.11",="44.11",="2023 Futures (LCM)",="2023 NCAA Division II Championships",="3/11/2023",="Unattached",="US",="True",="366",="884",="Yes"
"Denman-Grimm, Ben",="100",="100 FR SCY",="19",="2",="44.11",="44.11",="2023 Futures (LCM)",="ECAC Championship",="2/26/2023",="Unattached",="US",="False",="366",="884",="Yes"
"Holstege, Noah",="100",="100 FR SCY",="22",="2",="44.12",="44.12",="2023 Futures (LCM)",="MIAA Championships",="2/18/2023",="Unattached",="US",="False",="368",="884",="Yes"
"Bregis, Dags",="100",="100 FR SCY",="21",="2",="44.12",="44.12",="2023 Futures (LCM)",="Calvin Winter Invite",="12/3/2022",="Unattached",="US",="False",="368",="884",="Yes"
"Kelly, Jeremy",="100",="100 FR SCY",="17",="2",="44.12",="44.12",="2023 Summer Juniors (LCM)",="2023 ST OB UIL 5A State Swimming & Diving Championship",="2/17/2023",="Unattached",="ST",="False",="368",="906",="Yes"
"Wilkins, Noah",="100",="100 FR SCY",="23",="2",="44.12",="44.12",="2023 Futures (LCM)",="2023 CCSA Championships",="2/18/2023",="Unattached",="US",="False",="368",="884",="Yes"
"Mas, Diego",="100",="100 FR SCY",="21",="2",="44.13",="44.13",="2023 Futures (LCM)",="2023 NCAA Division II Championships",="3/11/2023",="Unattached",="US",="False",="372",="883",="Yes"
"Souza, Arthur",="100",="100 FR SCY",="20",="2",="44.13",="44.13",="2023 Futures (LCM)",="Mizzou Invite",="11/18/2022",="Unattached",="US",="True",="372",="883",="Yes"
"Miret Sala, Roger",="100",="100 FR SCY",="22",="2",="44.14",="44.14",="2023 Futures (LCM)",="2023 NCAA Division II Championships",="3/11/2023",="Unattached",="US",="True",="374",="883",="Yes"
"Young, Tolu",="100",="100 FR SCY",="17",="2",="44.14",="44.14",="2023 Summer Juniors (LCM)",="2023 Spring Speedo Sectionals (Federal Way)",="3/9/2023",="University Place Aquatic Club",="PN",="True",="374",="905",="Yes"
"Van Renen, Ruard",="100",="100 FR SCY",="19",="2",="44.14",="44.14",="2023 Futures (LCM)",="2022 A3 Performance Invitational",="11/12/2022",="Unattached",="US",="True",="374",="883",="Yes"
"Marrugo Montano, Camilo",="100",="100 FR SCY",="20",="2",="44.15",="44.15",="2023 Futures (LCM)",="Calvin Winter Invite",="12/3/2022",="Unattached",="US",="True",="377",="882",="Yes"
"Sampson, Ben",="100",="100 FR SCY",="20",="2",="44.15",="44.15",="2023 Futures (LCM)",="TYR CMU Invitational",="11/19/2022",="Unattached",="CO",="False",="377",="882",="Yes"
"Sabovic, Adell",="100",="100 FR SCY",="20",="2",="44.15",="44.15",="2023 Futures (LCM)",="Princeton Big Al Invitational",="12/4/2022",="Princeton University Swim Team",="NJ",="False",="377",="882",="Yes"
"Cimera, Alex",="100",="100 FR SCY",="18",="2",="44.15",="44.15",="2023 Summer Juniors (LCM)",="2023 Men's Mid-American Conference Championships",="3/4/2023",="Unattached",="US",="False",="377",="882",="Yes"
"Dilger, Devin",="100",="100 FR SCY",="17",="2",="44.15",="44.15",="2023 Summer Juniors (LCM)",="2023 FL NCSA Swimming Championships",="3/14/2023",="Utica Shelby Swim Club",="MI",="False",="377",="904",="Yes"
"Johnston, Paddy",="100",="100 FR SCY",="21",="2",="44.15",="44.15",="2023 Futures (LCM)",="2023 Horizon League",="2/18/2023",="Unattached",="US",="True",="377",="882",="Yes"
"Easton, Jack",="100",="100 FR SCY",="22",="2",="44.16",="44.16",="2023 Futures (LCM)",="American Short Course- Men's Last Chance Meet",="3/4/2023",="Unattached",="US",="False",="383",="882",="Yes"
"Jordan, Joe",="100",="100 FR SCY",="21",="2",="44.16",="44.16",="2023 Futures (LCM)",="UTK Last Chance Invitational",="2/25/2023",="University Of Tennessee",="SE",="False",="383",="882",="Yes"
"Kirk, Jackson",="100",="100 FR SCY",="21",="2",="44.16",="44.16",="2023 Futures (LCM)",="2023 CCSA Championships",="2/18/2023",="Unattached",="US",="False",="383",="882",="Yes"
"Gattnar, Marre",="100",="100 FR SCY",="16",="2",="44.17",="44.17",="2023 Summer Juniors (LCM)",="2022 Speedo Winter Juniors West",="12/10/2022",="North Bay Aquatics",="PC",="False",="386",="933",="Yes"
"Lafave, Colin",="100",="100 FR SCY",="22",="2",="44.17",="44.17",="2023 Futures (LCM)",="2023 NCAA Division III Championships",="3/18/2023",="Unattached",="US",="False",="386",="882",="Yes"
"Meacham, Jordan",="100",="100 FR SCY",="20",="2",="44.17",="44.17",="2023 Futures (LCM)",="2023 Mountain Pacific Championships",="2/18/2023",="Unattached",="US",="False",="386",="881",="Yes"
"Callan, Patrick",="100",="100 FR SCY",="23",="2",="44.18",="44.18",="2023 Futures (LCM)",="Minnesota Invite",="12/3/2022",="California Aquatics",="PC",="False",="389",="881",="Yes"
"Tarvestad, Will",="100",="100 FR SCY",="22",="2",="44.18",="44.18",="2023 Futures (LCM)",="2023 Men's Pac 12 Championships",="3/4/2023",="Unattached",="US",="False",="389",="881",="Yes"
"Brandon, Caleb",="100",="100 FR SCY",="21",="2",="44.18",="44.18",="2023 Futures (LCM)",="2023 Sunshine State Championships",="2/19/2023",="Unattached",="US",="False",="389",="881",="Yes"
"Gim, Jonathan",="100",="100 FR SCY",="18",="2",="44.18",="44.18",="2023 Summer Juniors (LCM)",="2023 CA OB CIF-SS Division 1 Championships",="5/3/2023",="Unattached",="CA",="False",="389",="881",="Yes"
"Holt, Evan",="100",="100 FR SCY",="21",="2",="44.19",="44.19",="2023 Futures (LCM)",="Minnesota Invite",="12/3/2022",="Arizona Elite",="AZ",="False",="393",="880",="Yes"
"De Almeida, Bernardo",="100",="100 FR SCY",="21",="2",="44.19",="44.19",="2023 Futures (LCM)",="2023 SEC Championships",="2/18/2023",="Unattached",="US",="True",="393",="880",="Yes"
"Johnson, Jay",="100",="100 FR SCY",="22",="2",="44.19",="44.19",="2023 Futures (LCM)",="2023 OSU Winter Invite",="2/12/2023",="Unattached",="US",="False",="393",="880",="Yes"
"Disanto, Justin",="100",="100 FR SCY",="20",="2",="44.20",="44.20",="2023 Futures (LCM)",="Patriot League Championships",="2/18/2023",="Unattached",="US",="False",="396",="880",="Yes"
"Jackson, Will",="100",="100 FR SCY",="21",="2",="44.20",="44.20",="2023 Futures (LCM)",="Tennessee Invitational",="11/19/2022",="University Of Tennessee",="SE",="False",="396",="880",="Yes"
"Edwards, Dominic",="100",="100 FR SCY",="19",="2",="44.20",="44.20",="2023 Futures (LCM)",="2023 Men's Ivy League Championships",="2/25/2023",="Unattached",="US",="False",="396",="880",="Yes"
"Brooks, Daniel",="100",="100 FR SCY",="20",="2",="44.20",="44.20",="2023 Futures (LCM)",="2023 NCA Championships",="2/11/2023",="Kenyon",="OH",="False",="396",="880",="Yes"
"Marsic, Umberto",="100",="100 FR SCY",="24",="2",="44.20",="44.20",="2023 Futures (LCM)",="2023 Sunshine State Championships",="2/19/2023",="Unattached",="US",="False",="396",="880",="Yes"
"Kwasny, Jakub",="100",="100 FR SCY",="21",="2",="44.20",="44.20",="2023 Futures (LCM)",="2023 CAA Championships",="2/25/2023",="Unattached",="US",="True",="396",="880",="Yes"
"Deliyiannis, Mihalis",="100",="100 FR SCY",="24",="2",="44.20",="44.20",="2023 Futures (LCM)",="Auburn University Invitational",="2/4/2023",="Auburn Aquatics",="SE",="False",="396",="880",="Yes"
"Eckler, Shane",="100",="100 FR SCY",="16",="2",="44.21",="44.21",="2023 Summer Juniors (LCM)",="2023 MA PIAA State AAA Boys Championships",="3/18/2023",="Unattached",="MA",="False",="403",="931",="Yes"
"Radkov, Nick",="100",="100 FR SCY",="19",="2",="44.21",="44.21",="2023 Futures (LCM)",="UNC vs Duke",="1/27/2023",="University Of North Carolina",="NC",="False",="403",="879",="Yes"
"Whelan, Matthew",="100",="100 FR SCY",="22",="2",="44.21",="44.21",="2023 Futures (LCM)",="2023 Atlantic 10 Championships",="2/18/2023",="Unattached",="US",="False",="403",="879",="Yes"
"Henveaux, Lucas",="100",="100 FR SCY",="22",="2",="44.22",="44.22",="2023 Futures (LCM)",="Cal v Stanford (Men)",="2/18/2023",="Unattached",="US",="True",="406",="878",="Yes"
"Lierz, Harrison",="100",="100 FR SCY",="20",="2",="44.22",="44.22",="2023 Futures (LCM)",="Tennessee Invitational",="11/19/2022",="University Of Tennessee",="SE",="False",="406",="878",="Yes"
"Taylor, Christian",="100",="100 FR SCY",="20",="2",="44.22",="44.22",="2023 Futures (LCM)",="2023 Atlantic 10 Championships",="2/18/2023",="Unattached",="US",="False",="406",="878",="Yes"
"Pema, Pat",="100",="100 FR SCY",="23",="2",="44.22",="44.22",="2023 Futures (LCM)",="2023 NCAA Division III Championships",="3/18/2023",="Dynamo Swim Club",="GA",="False",="406",="879",="Yes"
"Hopper, Mitchell",="100",="100 FR SCY",="19",="2",="44.22",="44.22",="2023 Futures (LCM)",="2023 Mountain Pacific Championships",="2/18/2023",="Unattached",="US",="False",="406",="878",="Yes"
"Agadzhanyan, Serhii",="100",="100 FR SCY",="22",="2",="44.23",="44.23",="2023 Futures (LCM)",="2023 NCAA Division II Championships",="3/11/2023",="Unattached",="US",="False",="411",="878",="Yes"
"Zettle, Andrew",="100",="100 FR SCY",="18",="2",="44.23",="44.23",="2023 Summer Juniors (LCM)",="Minnesota Invite",="12/3/2022",="University of Texas",="ST",="False",="411",="878",="Yes"
"Shirk, Roanoke",="100",="100 FR SCY",="21",="2",="44.23",="44.23",="2023 Futures (LCM)",="2023 Big 12 Championships",="2/25/2023",="Unattached",="US",="False",="411",="878",="Yes"
"Raches, William",="100",="100 FR SCY",="17",="2",="44.23",="44.23",="2023 Summer Juniors (LCM)",="2023 IN OBS IN IHSAA Boys State Champs",="2/24/2023",="Unattached",="IN",="False",="411",="901",="Yes"
"Anderson, Eric",="100",="100 FR SCY",="20",="2",="44.24",="44.24",="2023 Futures (LCM)",="2023 Summit League Championships",="2/25/2023",="Unattached",="US",="False",="415",="877",="Yes"
"kopp, Zachary",="100",="100 FR SCY",="22",="2",="44.24",="44.24",="2023 Futures (LCM)",="2023 Summit League Championships",="2/25/2023",="Unattached",="US",="False",="415",="877",="Yes"
"Windle, Calvin",="100",="100 FR SCY",="20",="2",="44.25",="44.25",="2023 Futures (LCM)",="Mizzou NCAA Qualifier",="2/25/2023",="U. of Missouri",="MV",="False",="417",="877",="Yes"
"Empey, Sammy",="100",="100 FR SCY",="17",="2",="44.25",="44.25",="2023 Summer Juniors (LCM)",="2022 Speedo Winter Juniors West",="12/10/2022",="Lake Oswego Swim Club",="OR",="False",="417",="899",="Yes"
"Volkov, Alex",="100",="100 FR SCY",="21",="2",="44.25",="44.25",="2023 Futures (LCM)",="2023 WAC Championships",="2/25/2023",="Unattached",="US",="True",="417",="877",="Yes"
"Brown, Charles",="100",="100 FR SCY",="19",="2",="44.25",="44.25",="2023 Futures (LCM)",="2023 Horizon League",="2/18/2023",="Unattached",="US",="False",="417",="877",="Yes"
"Kurakin, Ivan",="100",="100 FR SCY",="23",="2",="44.25",="44.25",="2023 Futures (LCM)",="2023 CSCAA National Invitational Championship",="3/11/2023",="Tritons Aquatic Club",="SI",="False",="417",="877",="Yes"
"Kremer, Tom",="100",="100 FR SCY",="28",="2",="44.26",="44.26",="2023 Futures (LCM)",="2023 CA OB USMS SCY Spring Nationals",="4/28/2023",="New York Athletic Club",="MR",="False",="422",="877",="Yes"
"Hatch, Jarod",="100",="100 FR SCY",="24",="2",="44.26",="44.26",="2023 Futures (LCM)",="2022 CA SCS/RMDA WZ Winter Sectionals",="12/19/2022",="Mission Viejo Nadadores",="CA",="True",="422",="877",="Yes"
"Aurnou-Rhees, Spencer",="100",="100 FR SCY",="18",="2",="44.26",="44.26",="2023 Summer Juniors (LCM)",="Minnesota Invite",="12/3/2022",="University of Texas",="ST",="False",="422",="876",="Yes"
"Wilson, Zarek",="100",="100 FR SCY",="18",="2",="44.26",="44.26",="2023 Summer Juniors (LCM)",=" SE NAC Southern Premier",="3/4/2023",="Dynamo Swim Club",="GA",="True",="422",="877",="Yes"
"Babic, Dusan",="100",="100 FR SCY",="22",="2",="44.26",="44.26",="2023 Futures (LCM)",="2023 Big 12 Championships",="2/25/2023",="Unattached",="US",="True",="422",="876",="Yes"
"Iannaccone, Ryan",="100",="100 FR SCY",="22",="2",="44.26",="44.26",="2023 Futures (LCM)",="2023 Mountain Pacific Championships",="2/18/2023",="Unattached",="US",="False",="422",="876",="Yes"
"Schwar, Luke",="100",="100 FR SCY",="20",="2",="44.26",="44.26",="2023 Futures (LCM)",="2023 CAA Championships",="2/25/2023",="Unattached",="US",="True",="422",="876",="Yes"
"Parker, Sam",="100",="100 FR SCY",="20",="2",="44.27",="44.27",="2023 Futures (LCM)",="Bulldog NCAA Qualifying Meet 2023",="2/25/2023",="Unattached",="US",="False",="429",="876",="Yes"
"Garcia, Alberto",="100",="100 FR SCY",="22",="2",="44.27",="44.27",="2023 Futures (LCM)",="Zippy Invitational",="12/4/2022",="Unattached",="US",="False",="429",="876",="Yes"
"Bonson, Michael",="100",="100 FR SCY",="20",="2",="44.27",="44.27",="2023 Futures (LCM)",="Auburn vs Alabama",="1/20/2023",="Unattached",="US",="False",="429",="876",="Yes"
"Syrkin, Danny",="100",="100 FR SCY",="20",="2",="44.27",="44.27",="2023 Futures (LCM)",="Art Adamson Invitational 2022",="11/18/2022",="Unattached",="CA",="False",="429",="876",="Yes"
"Townley, Abe",="100",="100 FR SCY",="24",="2",="44.28",="44.28",="2023 Futures (LCM)",="2023 NCAA Division II Championships",="3/11/2023",="Unattached",="US",="False",="433",="875",="Yes"
"Littlejohn, Ben",="100",="100 FR SCY",="20",="2",="44.29",="44.29",="2023 Futures (LCM)",="Minnesota Invite",="12/3/2022",="Unattached",="US",="True",="434",="875",="Yes"
"Terentiev, Mykyta",="100",="100 FR SCY",="17",="2",="44.29",="44.29",="2023 Summer Juniors (LCM)",="2022 A3 Performance Invitational",="11/12/2022",="Unattached",="US",="False",="434",="897",="Yes"
"Burroughs, Jack",="100",="100 FR SCY",="22",="2",="44.29",="44.29",="2023 Futures (LCM)",="Ohio State Fall Invitational 2022",="11/19/2022",="Ohio State University",="OH",="False",="434",="875",="Yes"
"Sungail, Sage",="100",="100 FR SCY",="18",="2",="44.29",="44.29",="2023 Summer Juniors (LCM)",="SMU Invite",="11/19/2022",="Southern Methodist University",="NT",="False",="434",="875",="Yes"
"Walker, Wells",="100",="100 FR SCY",="18",="2",="44.30",="44.30",="2023 Summer Juniors (LCM)",="2022 Speedo Winter Juniors East",="12/10/2022",="Marlins Of Raleigh",="NC",="False",="438",="874",="Yes"
"Cook, Cooper",="100",="100 FR SCY",="19",="2",="44.30",="44.30",="2023 Futures (LCM)",="Bulldog NCAA Qualifying Meet 2023",="2/26/2023",="Unattached",="US",="False",="438",="874",="Yes"
"Kredich, Coleman",="100",="100 FR SCY",="21",="2",="44.30",="44.30",="2023 Futures (LCM)",="2023 ACC Championships",="2/18/2023",="Duke University",="NC",="False",="438",="874",="Yes"
"Gianni, Alessio",="100",="100 FR SCY",="20",="2",="44.30",="44.30",="2023 Futures (LCM)",="WVU Invite",="11/19/2022",="Unattached",="US",="True",="438",="874",="Yes"
"Uryniuk, Pawel",="100",="100 FR SCY",="19",="2",="44.30",="44.30",="2023 Futures (LCM)",="2023 SEC Championships",="2/18/2023",="Unattached",="US",="True",="438",="874",="Yes"
"Clasen, Garrett",="100",="100 FR SCY",="22",="2",="44.30",="44.30",="2023 Futures (LCM)",="2023 NCAA Division III Championships",="3/18/2023",="FMC Aquatic",="IL",="False",="438",="875",="Yes"
"Dutkowiak, Wojciech",="100",="100 FR SCY",="22",="2",="44.31",="44.31",="2023 Futures (LCM)",="2023 ACC Championships",="2/17/2023",="Unattached",="US",="True",="444",="874",="Yes"
"Hadji, Thomas",="100",="100 FR SCY",="17",="2",="44.31",="44.31",="2023 Summer Juniors (LCM)",="2023 SI CA/NV Speedo Sectionals",="3/5/2023",="Paseo Aquatics Swim Team",="CA",="False",="444",="896",="Yes"
"Campbell, Liam",="100",="100 FR SCY",="17",="2",="44.32",="44.32",="2023 Summer Juniors (LCM)",="2023 Spring Speedo Sectionals (Federal Way)",="3/9/2023",="Seattle Metropolitan Aquatic Club",="PN",="False",="446",="895",="Yes"
"Jeng, Donavan",="100",="100 FR SCY",="17",="2",="44.32",="44.32",="2023 Summer Juniors (LCM)",="2022 Speedo Winter Juniors East",="12/10/2022",="Peddie Aquatic Association",="NJ",="False",="446",="895",="Yes"
"Serdarevic, Lovro",="100",="100 FR SCY",="19",="2",="44.32",="44.32",="2023 Futures (LCM)",="2023 Men's Big Ten Championships",="2/25/2023",="Unattached",="US",="False",="446",="873",="Yes"
"Frimis, Guy",="100",="100 FR SCY",="22",="2",="44.32",="44.32",="2023 Futures (LCM)",="2023 ACC Championships",="2/17/2023",="Unattached",="US",="True",="446",="873",="Yes"
"Laurencelle, Addie",="100",="100 FR SCY",="22",="2",="44.32",="44.32",="2023 Futures (LCM)",="Cavalier Invite",="2/5/2023",="Unattached",="US",="False",="446",="873",="Yes"
"Herczeg, Jack",="100",="100 FR SCY",="21",="2",="44.32",="44.32",="2023 Futures (LCM)",="2023 Men's Mid-American Conference Championships",="3/4/2023",="Unattached",="US",="False",="446",="873",="Yes"
"Layden, Will",="100",="100 FR SCY",="20",="2",="44.32",="44.32",="2023 Futures (LCM)",="2023 Big East Championships",="2/25/2023",="Unattached",="US",="False",="446",="873",="Yes"
"Fletcher, Josh",="100",="100 FR SCY",="22",="2",="44.33",="44.33",="2023 Futures (LCM)",="2023 Atlantic 10 Championships",="2/18/2023",="Unattached",="US",="False",="453",="872",="Yes"
"Taylor, Owen",="100",="100 FR SCY",="20",="2",="44.33",="44.33",="2023 Futures (LCM)",="LOUISVILLE INVITATIONAL",="2/9/2023",="Unattached",="US",="False",="453",="872",="Yes"
"Beckles, Mark Anthony",="100",="100 FR SCY",="23",="2",="44.33",="44.33",="2023 Futures (LCM)",="2023 Northeast Championships",="2/25/2023",="Unattached",="US",="True",="453",="872",="Yes"
"Parente, Dylan",="100",="100 FR SCY",="21",="2",="44.33",="44.33",="2023 Futures (LCM)",="2023 Mountain Pacific Championships",="2/18/2023",="Unattached",="US",="False",="453",="872",="Yes"
"Billitto, Andrew",="100",="100 FR SCY",="18",="2",="44.33",="44.33",="2023 Summer Juniors (LCM)",="2023 FL Spring Senior Championships",="3/12/2023",="West Florida Lightning Aquatic",="FL",="False",="453",="872",="Yes"
"Vorthmann, Ben",="100",="100 FR SCY",="18",="2",="44.34",="44.34",="2023 Summer Juniors (LCM)",="Army vs. Navy",="12/2/2022",="Army West Point",="MR",="False",="458",="872",="Yes"
"Berry, Nathan",="100",="100 FR SCY",="21",="2",="44.34",="44.34",="2023 Futures (LCM)",="2023 NCAA Division III Championships",="3/18/2023",="Unattached",="US",="False",="458",="872",="Yes"
"Miller, Seth",="100",="100 FR SCY",="20",="2",="44.35",="44.35",="2023 Futures (LCM)",="Minnesota Invite",="12/3/2022",="Arizona Elite",="AZ",="False",="460",="871",="Yes"
"Baker, Justin",="100",="100 FR SCY",="21",="2",="44.35",="44.35",="2023 Futures (LCM)",="2023 AAC Championships",="2/18/2023",="Unattached",="US",="True",="460",="871",="Yes"
"Bottai, Miles",="100",="100 FR SCY",="19",="2",="44.35",="44.35",="2023 Futures (LCM)",="2023 Men's Pac 12 Championships",="3/4/2023",="Unattached",="US",="False",="460",="871",="Yes"
"Law, Caleb",="100",="100 FR SCY",="22",="2",="44.36",="44.36",="2023 Futures (LCM)",="2023 NCAA Division II Championships",="3/11/2023",="Unattached",="US",="False",="463",="871",="Yes"
"Brown, Sam",="100",="100 FR SCY",="18",="2",="44.36",="44.36",="2023 Summer Juniors (LCM)",="Mizzou NCAA Qualifier",="2/26/2023",="U. of Missouri",="MV",="False",="463",="871",="Yes"
"Li, Daniel",="100",="100 FR SCY",="18",="2",="44.37",="44.37",="2023 Summer Juniors (LCM)",="2023 GU Speedo Sectionals Championship Series - College Station",="3/2/2023",="Longhorn Aquatics",="ST",="False",="465",="870",="Yes"
"Hurley, Tommy",="100",="100 FR SCY",="21",="2",="44.37",="44.37",="2023 Futures (LCM)",="2023 Men's Big Ten Championships",="2/25/2023",="Unattached",="US",="False",="465",="870",="Yes"
"McDonald, Matt",="100",="100 FR SCY",="20",="2",="44.37",="44.37",="2023 Futures (LCM)",="2023 Men's Big Ten Championships",="2/25/2023",="Unattached",="US",="False",="465",="870",="Yes"
"Roberts, Zane",="100",="100 FR SCY",="20",="2",="44.37",="44.37",="2023 Futures (LCM)",="2023 Atlantic 10 Championships",="2/18/2023",="Unattached",="US",="False",="465",="870",="Yes"
"Maldari, Caleb",="100",="100 FR SCY",="17",="2",="44.37",="44.37",="2023 Summer Juniors (LCM)",="2023 NC SwimMAC Last Chance Meet",="2/11/2023",="SwimMAC Carolina",="NC",="False",="465",="892",="Yes"
"Baldini, Michael",="100",="100 FR SCY",="21",="2",="44.37",="44.37",="2023 Futures (LCM)",="2023 Big East Championships",="2/25/2023",="Unattached",="PV",="False",="465",="870",="Yes"
"Vasquez, Miguel",="100",="100 FR SCY",="22",="2",="44.37",="44.37",="2023 Futures (LCM)",="2023 CAA Championships",="2/25/2023",="Unattached",="US",="False",="465",="870",="Yes"
"Dyer, Noah",="100",="100 FR SCY",="17",="2",="44.38",="44.38",="2023 Summer Juniors (LCM)",="2022 Speedo Winter Juniors East",="12/10/2022",="Machine Aquatics",="PV",="False",="472",="892",="Yes"
"Behr, Alexander",="100",="100 FR SCY",="20",="2",="44.38",="44.38",="2023 Futures (LCM)",="2023 Atlantic 10 Championships",="2/18/2023",="Unattached",="US",="False",="472",="870",="Yes"
"Bell, Drayden",="100",="100 FR SCY",="19",="2",="44.38",="44.38",="2023 Futures (LCM)",="2023 SEC Championships",="2/18/2023",="University Of Alabama Swim Club",="SE",="False",="472",="870",="Yes"
"Bedsole, Luke",="100",="100 FR SCY",="15",="2",="44.38",="44.38",="2023 Summer Juniors (LCM)",="2023 FL NCSA Swimming Championships",="3/14/2023",="Huntsville Swim Association",="SE",="False",="472",="975",="Yes"
"McDonald, Jacob",="100",="100 FR SCY",="21",="2",="44.39",="44.39",="2023 Futures (LCM)",="UTK Last Chance Invitational",="2/25/2023",="University Of Tennessee",="SE",="False",="476",="869",="Yes"
"Osterndorf, Christian",="100",="100 FR SCY",="20",="2",="44.39",="44.39",="2023 Futures (LCM)",="ASU vs Cal",="1/21/2023",="Unattached",="US",="False",="476",="869",="Yes"
"Davin, Tristen",="100",="100 FR SCY",="17",="2",="44.39",="44.39",="2023 Summer Juniors (LCM)",="2022 Speedo Winter Juniors West",="12/10/2022",="Foothills Swim Team",="CO",="False",="476",="891",="Yes"
"Bensch, Constantin",="100",="100 FR SCY",="21",="2",="44.39",="44.39",="2023 Futures (LCM)",="UW-Green Bay",="2/3/2023",="Unattached",="US",="False",="476",="869",="Yes"
"Stoddard, Grant",="100",="100 FR SCY",="19",="2",="44.39",="44.39",="2023 Futures (LCM)",="2023 Mountain Pacific Championships",="2/18/2023",="Unattached",="US",="False",="476",="869",="Yes"
"Lowe, Kenneth",="100",="100 FR SCY",="21",="2",="44.39",="44.39",="2023 Futures (LCM)",="2023 CAA Championships",="2/25/2023",="Unattached",="US",="False",="476",="869",="Yes"
"Secchi, Clement",="100",="100 FR SCY",="22",="2",="44.39",="44.39",="2023 Futures (LCM)",="Mizzou vs Tennessee",="1/7/2023",="Unattached",="US",="True",="476",="869",="Yes"
"Benner, Nolan",="100",="100 FR SCY",="20",="2",="44.39",="44.39",="2023 Futures (LCM)",="2023 Pennsylvania State Championships",="2/18/2023",="Unattached",="US",="False",="476",="869",="Yes"
"Osa, Jon",="100",="100 FR SCY",="20",="2",="44.40",="44.40",="2023 Futures (LCM)",="13th Annual Phoenix Fall Classic",="11/20/2022",="Unattached",="US",="True",="484",="869",="Yes"
"Margaritov, Angel",="100",="100 FR SCY",="21",="2",="44.40",="44.40",="2023 Futures (LCM)",="2023 NCAA Division II Championships",="3/11/2023",="Unattached",="US",="True",="484",="869",="Yes"
"Wang, Jake",="100",="100 FR SCY",="17",="2",="44.40",="44.40",="2023 Winter Juniors (SCY)",="2023 MA Senior Championships - KA",="3/25/2023",="Suburban Seahawks Club",="MA",="False",="484",="891",="Yes"
"Karacic, Dominik",="100",="100 FR SCY",="23",="2",="44.40",="44.40",="2023 Futures (LCM)",="2023 NCAA Division II Championships",="3/11/2023",="Unattached",="US",="True",="484",="869",="Yes"
"Kim, Nathan",="100",="100 FR SCY",="17",="2",="44.40",="44.40",="2023 Winter Juniors (SCY)",="2022 Speedo Winter Juniors West",="12/10/2022",="Rose Bowl Aquatics",="CA",="False",="484",="891",="Yes"
"Carlson, Noah",="100",="100 FR SCY",="22",="2",="44.40",="44.40",="2023 Futures (LCM)",="2023 Men's Pac 12 Championships",="3/4/2023",="Unattached",="US",="False",="484",="869",="Yes"
"Scheffer, Micah",="100",="100 FR SCY",="19",="2",="44.40",="44.40",="2023 Futures (LCM)",="2023 Horizon League",="2/18/2023",="Unattached",="US",="False",="484",="869",="Yes"
"McCay, Ridge",="100",="100 FR SCY",="19",="2",="44.41",="44.41",="2023 Futures (LCM)",="2023 NCAA Division II Championships",="3/11/2023",="Unattached",="US",="False",="491",="868",="Yes"
"Crompton-English, I'likai",="100",="100 FR SCY",="21",="2",="44.41",="44.41",="2023 Futures (LCM)",="2023 CAA Championships",="2/25/2023",="Unattached",="US",="False",="491",="868",="Yes"
"Wanat, Greg",="100",="100 FR SCY",="20",="2",="44.41",="44.41",="2023 Futures (LCM)",="2023 WAC Championships",="2/25/2023",="Unattached",="US",="True",="491",="869",="Yes"
"Peck, Kyle",="100",="100 FR SCY",="17",="2",="44.41",="44.41",="2023 Winter Juniors (SCY)",="2023 FL NCSA Swimming Championships",="3/14/2023",="Stingrays Swim Team",="VA",="False",="491",="890",="Yes"
"Argeles, Sam",="100",="100 FR SCY",="17",="2",="44.42",="44.42",="2023 Winter Juniors (SCY)",="2023 PV AP Maryland Winterfest Championship",="1/15/2023",="Spy Swimming",="MD",="False",="495",="890",="Yes"
"Jin, Andrew",="100",="100 FR SCY",="16",="2",="44.42",="44.42",="2023 Winter Juniors (SCY)",="2023 Spring Speedo Sectionals (Federal Way)",="3/9/2023",="Unattached",="PN",="True",="495",="920",="Yes"
"Neverman, Kaiser",="100",="100 FR SCY",="20",="2",="44.42",="44.42",="2023 Futures (LCM)",="Minnesota vs SMU",="10/20/2022",="University of Minnesota",="MN",="False",="495",="868",="Yes"
"Lockhart, Austin",="100",="100 FR SCY",="19",="2",="44.42",="44.42",="2023 Futures (LCM)",="Army vs. Navy",="12/2/2022",="Unattached",="US",="False",="495",="868",="Yes"
"Lins, Simon",="100",="100 FR SCY",="18",="2",="44.42",="44.42",="2023 Winter Juniors (SCY)",="2022 Speedo Winter Juniors West",="12/10/2022",="Piedmont Swim Team",="PC",="False",="495",="868",="Yes"
"Kalin, Greg",="100",="100 FR SCY",="22",="2",="44.42",="44.42",="2023 Futures (LCM)",="2023 Men's Ivy League Championships",="2/25/2023",="Unattached",="US",="False",="495",="868",="Yes"
"Nolles, Leo",="100",="100 FR SCY",="19",="2",="44.42",="44.42",="2023 Futures (LCM)",="2023 Great Lakes Intercoll Championships",="2/18/2023",="Unattached",="US",="True",="495",="868",="Yes"
"Dragoja, Toni",="100",="100 FR SCY",="19",="2",="44.42",="44.42",="2023 Futures (LCM)",="2023 Northeast Championships",="2/25/2023",="Unattached",="US",="True",="495",="868",="Yes"
